project_name,developer,street_name,existing,latitude,longitude
THE SAIL @ MARINA BAY,,,Y,1.280925,103.852694
HILLCREST ARCADIA,,,Y,1.334934,103.80938
BELLE VUE RESIDENCES,,,Y,,
DUCHESS RESIDENCES,,,Y,,
SENTOSA COVE,,,Y,1.244819,103.841058
THE HILLSIDE,,,Y,1.357714,103.877382
THE ORCHARD RESIDENCES,,,Y,1.303895,103.831941
THE ARTE,,,Y,1.352083,103.819836
CLEMENTI PARK,,,Y,1.313547,103.772215
GOODWOOD RESIDENCE,,,Y,1.352083,103.819836
WOODHAVEN,,,Y,1.352083,103.819836
ELLIOT AT THE EAST COAST,,,Y,1.352083,103.819836
THE COUNTRYSIDE,,,Y,1.389946,103.839591
ASPEN HEIGHTS,,,Y,,
EUHABITAT,OPH Marymount Ltd/Transurban Properties Pte Ltd,Jalan Eunos,Y,1.352083,103.819836
HILLCREST PARK,,,Y,1.331864,103.80784
PARK EAST,,,Y,,
PROXIMO,,,Y,1.352083,103.819836
KOVAN RESIDENCES,,,Y,,
DUKES RESIDENCE,,,Y,1.352083,103.819836
M21,,,Y,,
NASSIM PARK RESIDENCES,,,Y,1.352083,103.819836
THE TRILLIUM,,,Y,1.352083,103.819836
CAIRNHILL RESIDENCES,,,Y,,
THE OCEANFRONT @ SENTOSA COVE,,,Y,1.244819,103.841058
VARSITY PARK CONDOMINIUM,,,Y,1.352083,103.819836
OEI TIONG HAM PARK,,,Y,1.315039,103.792787
THE PARC CONDOMINIUM,,,Y,1.352083,103.819836
THE BERTH BY THE COVE,,,Y,,
D' DALVEY,,,Y,,
CLOVER BY THE PARK,,,Y,1.352083,103.819836
THE FOLIAGE,,,Y,1.352083,103.819836
THE RAINTREE,,,Y,1.352083,103.819836
KOVAN MELODY,,,Y,1.361154,103.885038
DAHLIA PARK CONDOMINIUM,,,Y,1.352083,103.819836
THE SEAFRONT ON MEYER,,,Y,1.352083,103.819836
FLORIDIAN,,,Y,1.356552,103.827184
WATERFRONT WAVES,,,Y,1.338124,103.930079
ZENITH,,,Y,1.352083,103.819836
THE VERVE,,,Y,,
CASA MEYFORT,,,Y,,
RIVIERA RESIDENCES,,,Y,1.352083,103.819836
HILLBROOKS,,,Y,,
MARINA BAY SUITES,,,Y,1.282848,103.860929
MELVILLE PARK,,,Y,1.352083,103.819836
CANBERRA RESIDENCES,,,Y,1.458099,103.822242
LAGOON VIEW,,,Y,1.310245,103.932586
AMBER RESIDENCES,,,Y,1.352083,103.819836
THE INTERLACE,,,Y,1.288174,103.805375
WATERBANK AT DAKOTA,,,Y,,
MAPLEWOODS,,,Y,1.352083,103.819836
THE MINTON,,,Y,1.349957,103.881638
THE SHORE RESIDENCES,,,Y,,
HILLTOPS,,,Y,,
AALTO,,,Y,1.352083,103.819836
WATERMARK ROBERTSON QUAY,,,Y,1.290832,103.838023
RV RESIDENCES,,,Y,1.352083,103.819836
THE TROPICA,,,Y,1.349138,103.92798
THE ROCHESTER,,,Y,1.305998,103.788644
ARDMORE PARK,,,Y,,
N.A.,,,Y,,
HILLCREST VILLA,,,Y,1.352083,103.819836
CAMDEN PARK,,,Y,1.328998,103.814661
OPERA ESTATE,,,Y,1.319069,103.924247
THE GALE,,,Y,1.352083,103.819836
YONG AN PARK,,,Y,,
THE SENSORIA,,,Y,1.352083,103.819836
THOMSON THREE,United Venture Development (Thomson) Pte Ltd,Bright Hill Drive,Y,1.376071,103.832123
THE GARDENS AT BISHAN,,,Y,1.364998,103.830735
RIS GRANDEUR,,,Y,,
COSTA DEL SOL,,,Y,1.311589,103.939143
SEMBAWANG HILLS ESTATE,,,Y,1.375948,103.830428
DAKOTA RESIDENCES,,,Y,1.352083,103.819836
THE MEYERISE,,,Y,1.349957,103.881638
FERRARIA PARK CONDOMINIUM,,,Y,1.352083,103.819836
LEEDON RESIDENCE,Leedon Residence Development Pte Ltd,Leedon Heights,Y,,
BAYSHORE PARK,,,Y,,
DOUBLE BAY RESIDENCES,,,Y,,
PEBBLE BAY,,,Y,1.297188,103.872225
SERANGOON GARDEN ESTATE,,,Y,1.363707,103.866381
MERA WOODS,,,Y,1.352083,103.819836
SAVANNAH CONDOPARK,,,Y,1.352083,103.819836
PRESTIGE HEIGHTS,,,Y,,
CHANGI RISE CONDOMINIUM,,,Y,1.344621,103.963633
MI CASA,,,Y,,
CASTLE GREEN,,,Y,1.386078,103.841045
REFLECTIONS AT KEPPEL BAY,,,Y,1.266722,103.810079
LATITUDE,,,Y,1.352083,103.819836
BRADDELL VIEW,,,Y,,
ICON,,,Y,1.274935,103.845312
DOMAIN 21,,,Y,1.347685,103.843721
HILLVIEW VILLAS,,,Y,1.359532,103.763823
SANNY PARK,,,Y,1.352083,103.819836
LIVIA,,,Y,1.352083,103.819836
LAKEHOLMZ,,,Y,1.352083,103.819836
HERITAGE VIEW,,,Y,1.410224,103.834069
ST THOMAS SUITES,,,Y,,
THE WATERLINE,,,Y,1.352083,103.819836
MARTIN PLACE RESIDENCES,,,Y,,
RIO VISTA,,,Y,1.372405,103.900676
HORIZON GREEN,,,Y,1.448023,103.644792
RIVERGATE,,,Y,,
8@WOODLEIGH,,,Y,,
WATERVIEW,,,Y,1.352083,103.819836
THE MARQUE @ IRRAWADDY,,,Y,,
TIARA,,,Y,,
A TREASURE TROVE,Sim Lian JV (Punggol Central) Pte Ltd,Punggol Walk,Y,1.352083,103.819836
THE ANCHORAGE,,,Y,,
CARIBBEAN AT KEPPEL BAY,,,Y,1.267391,103.816722
THE BEVERLY,,,Y,,
RIVER ISLES,Qingjian Realty (Punggol Central) Pte Ltd,Edgedale Plains,Y,29.326316,-81.064919
SELETAR HILLS ESTATE,,,Y,1.387041,103.872983
ARCHIPELAGO,United Venture Development (Bedok) Pte Ltd,Bedok Reservoir Road,Y,1.352083,103.819836
SOUTHBANK,,,Y,,
CASPIAN,,,Y,1.352083,103.819836
CHELSEA GARDENS,,,Y,,
URBAN SUITES,,,Y,,
HILLINGTON GREEN,,,Y,1.360369,103.764275
THE SEAWIND,Bayshore Green Pte Ltd,Lorong M Telok Kurau,Y,1.352083,103.819836
LE REVE,,,Y,1.352083,103.819836
THE STERLING,,,Y,1.33597,103.782639
TEACHER'S HOUSING ESTATE,,,Y,1.352083,103.819836
HILLSIDE GARDENS,,,Y,1.357714,103.877382
FONTAINE PARRY,,,Y,1.352083,103.819836
PARKVIEW APARTMENTS,,,Y,1.341384,103.76029
HELIOS RESIDENCES,,,Y,1.352083,103.819836
THOMSON V TWO,,,Y,1.378004,103.834165
MANDARIN GARDEN CONDOMINIUM,,,Y,1.352083,103.819836
ASTRID MEADOWS,,,Y,,
HUNDRED TREES,,,Y,1.352083,103.819836
SEA VIEW PARK,,,Y,1.300277,103.896426
GARDENVISTA,,,Y,1.352083,103.819836
CENTRO RESIDENCES,,,Y,,
WESTWOOD PARK,,,Y,1.351266,103.698472
COSTA RHU,,,Y,1.297607,103.867327
WATERFALL GARDENS,,,Y,1.352083,103.819836
THE CREST,Wingcrown Investment Pte Ltd,Prince Charles Crescent,Y,1.331864,103.80784
THE MAKENA,,,Y,1.352083,103.819836
MEADOWS @ PEIRCE,,,Y,1.305212,103.807426
RAFFLESIA CONDOMINIUM,,,Y,1.352083,103.819836
HIGHGATE,,,Y,1.291044,103.848995
SKY HABITAT,,,Y,1.352083,103.819836
RIPPLE BAY,MCL Land (Pasir Ris) Pte Ltd,Pasir Ris Link,Y,1.352083,103.819836
THE SOVEREIGN,,,Y,,
HILLVIEW GREEN,,,Y,,
SANCTUARY GREEN,,,Y,1.352083,103.819836
PINE GROVE,,,Y,1.317336,103.775025
DOVER PARKVIEW,,,Y,,
TEXTILE CENTRE,,,Y,1.30325,103.861083
THE LINCOLN RESIDENCES,,,Y,1.352083,103.819836
THE SANTORINI,MCC Land (Singapore) Pte Ltd,Tampines Street 86,Y,1.352083,103.819836
THE GREENWOOD,,,Y,1.335384,103.805908
FIVE CHANCERY,,,Y,1.319255,103.837012
LA SUISSE,,,Y,1.352083,103.819836
PARVIS,,,Y,1.352083,103.819836
THOMSON GRAND,Luxury Green Development Pte Ltd,Sin Ming Walk,Y,1.352083,103.819836
ALANA,Bullion Holdings Pte Ltd/Cabana JV Pte Ltd,Sunrise Terrace,Y,1.352083,103.819836
ARDMORE II,,,Y,1.309263,103.828246
THE AZURE,,,Y,1.251709,103.847904
THE SHELFORD,,,Y,,
CITYLIGHTS,,,Y,,
SIN MING PLAZA,,,Y,,
THE MARBELLA,,,Y,1.352083,103.819836
TANAMERA CREST,,,Y,1.332566,103.942134
CASA FORTUNA,,,Y,1.352083,103.819836
THE DRAYCOTT,,,Y,1.309655,103.832151
GOLDENHILL PARK CONDOMINIUM,,,Y,,
BISHOPSGATE RESIDENCES,,,Y,1.352083,103.819836
WATER PLACE,,,Y,1.353419,103.84273
ONE K GREENLANE,,,Y,1.311367,103.893429
DUET,,,Y,,
WATERFRONT GOLD,,,Y,1.352083,103.819836
FRANKEL ESTATE,,,Y,1.31656,103.917849
SELETAR PARK,,,Y,1.407095,103.884384
PARK NATURA,,,Y,1.429978,103.844243
D'LEEDON,,,Y,1.352083,103.819836
BOTANNIA,,,Y,,
PARC ROSEWOOD,,,Y,1.352083,103.819836
SELETARIS,,,Y,1.43549,103.824434
PARC OASIS,,,Y,1.343667,103.734626
THE LUXURIE,,,Y,1.352083,103.819836
THE CITRINE,,,Y,,
QUEENS,,,Y,1.320336,103.809056
CORALIS,,,Y,1.352083,103.819836
THE PATERSON,,,Y,1.302229,103.831282
OUE TWIN PEAKS,,,Y,1.352083,103.819836
THE SCALA,,,Y,1.352083,103.819836
THE TESSARINA,,,Y,1.333338,103.789982
FLAMINGO VALLEY,,,Y,1.317867,103.921746
LUXUS HILLS,Singapore United Estates Pte Ltd,Ang Mo Kio Avenue 5/Seletar Road/Yio Chu Kang Road,Y,1.379326,103.86987
ROBIN SUITES,Robin25 Pte Ltd,Robin Road,Y,1.352083,103.819836
HILLVIEW REGENCY,,,Y,1.352083,103.819836
COTE D'AZUR,,,Y,1.352083,103.819836
EASTWOOD GREEN,,,Y,1.322829,103.956128
CORALS AT KEPPEL BAY,Keppel Bay Pte Ltd,Keppel Bay Drive,Y,,
THE ESTUARY,,,Y,,
GRAMERCY PARK,Aston Properties Pte Ltd,Grange Road,Y,,
6 DERBYSHIRE,Fantasia (Novena) Pte Ltd,Derbyshire Road,Y,1.316002,103.845786
CITY SQUARE RESIDENCES,,,Y,1.310734,103.85739
MONTVIEW,,,Y,,
RIVER PLACE,,,Y,,
ALTEZ,,,Y,1.352083,103.819836
THE WATERINA,,,Y,1.313035,103.890587
SOLEIL @ SINARAN,,,Y,1.352083,103.819836
ALEXIS,,,Y,,
ELIAS GREEN,,,Y,1.371525,103.940975
PARC PALAIS,,,Y,1.352083,103.819836
COUNTRY PARK CONDOMINIUM,,,Y,1.316805,103.822178
COMPASS HEIGHTS,,,Y,,
SEMBAWANG PARK,,,Y,1.460382,103.83632
SURIN GROVE,,,Y,1.356388,103.884264
CATHAY GARDENS,,,Y,1.352083,103.819836
RAFFLES PARK,,,Y,1.291458,103.85859
NATHAN RESIDENCES,,,Y,1.352083,103.819836
THE NEXUS,,,Y,1.334421,103.786898
GREEN HILL ESTATE,,,Y,1.311242,103.892689
SKYLINE RESIDENCES,,,Y,,
EAST MEADOWS,,,Y,1.399633,103.915098
HEDGES PARK CONDOMINIUM,,,Y,1.352083,103.819836
ONE CHATSWORTH,,,Y,1.299212,103.824859
SUMMERHILL,,,Y,1.358365,103.765872
EDELWEISS PARK CONDOMINIUM,,,Y,1.352083,103.819836
PALM ISLES,FCL Boon Lay Pte Ltd,Flora Drive,Y,,
MODENA,,,Y,1.342661,103.955307
GLENDALE PARK,,,Y,1.362226,103.765881
MEADOWLODGE,,,Y,1.352083,103.819836
ST PATRICK'S ROW,,,Y,1.308102,103.912675
TOMLINSON HEIGHTS,,,Y,,
BRADDELL HEIGHTS ESTATE,,,Y,1.343212,103.85556
THE WHARF RESIDENCE,,,Y,1.352083,103.819836
THE SKYWOODS,Bukit Timah Green Development Pte Ltd,Dairy Farm Heights,Y,1.352083,103.819836
THE BEACON,,,Y,1.352083,103.819836
STARVILLE,,,Y,,
ESPADA,,,Y,41.076223,-4.161811
THE GLYNDEBOURNE,,,Y,1.352083,103.819836
SANT RITZ,Santarli Realty Pte Ltd,Pheng Geck Avenue,Y,,
ONE DEVONSHIRE,,,Y,,
PINEWOOD GARDENS,,,Y,1.428243,103.780078
SEASTRAND,,,Y,1.352083,103.819836
ONE AMBER,,,Y,1.299231,103.89848
THE URBANITE,,,Y,1.352083,103.819836
THE PALETTE,,,Y,,
DE ROYALE,,,Y,,
DE CASALLE,,,Y,1.352083,103.819836
RIVERWALK APARTMENTS,,,Y,1.352083,103.819836
WATERFRONT KEY,,,Y,,
THE CENTRIS,,,Y,,
LANDBAY CONDOMINIUM,,,Y,1.352083,103.819836
EAST COAST RESIDENCES,,,Y,1.379282,103.960998
ONE JERVOIS,,,Y,,
SELETAR SPRINGS CONDOMINIUM,,,Y,1.352083,103.819836
368 THOMSON,,,Y,,
JERVOIS LODGE,,,Y,,
EIGHT RIVERSUITES,UE Development (Bendemeer) Pte Ltd,Whampoa East,Y,1.321732,103.864602
RIVEREDGE,,,Y,1.352083,103.819836
H2O RESIDENCES,,,Y,1.352083,103.819836
NEWTON ONE,,,Y,1.313925,103.839668
TERRASSE,,,Y,1.368066,103.876688
THE INTERWEAVE,,,Y,1.352083,103.819836
BELMOND GREEN,,,Y,,
RIVERSOUND RESIDENCE,Qingjian Realty (Sengkang) Pte Ltd,Sengkang East Avenue,Y,1.352083,103.819836
CABANA,,,Y,1.352083,103.819836
ESTE VILLA,,,Y,1.352083,103.819836
ROBIN RESIDENCES,Sing Holdings (Robin) Pte Ltd,Robin Drive,Y,1.352083,103.819836
GALLOP GREEN,,,Y,,
TREVISTA,,,Y,1.337772,103.846738
OLEANDER TOWERS,,,Y,1.333166,103.844002
BOULEVARD VUE,,,Y,1.303374,103.829034
TRELLIS TOWERS,,,Y,1.330427,103.843792
ASTORIA PARK,,,Y,1.352083,103.819836
PALM GARDENS,,,Y,1.314512,103.930443
EAST VIEW GARDEN,,,Y,1.451372,103.789357
TERESA VILLE,,,Y,1.276317,103.82425
LIGHTHOUSE,,,Y,,
CLEMENTIWOODS CONDOMINIUM,,,Y,,
TANGLIN RESIDENCES,,,Y,1.317829,103.832478
TANGERINE GROVE,,,Y,1.352083,103.819836
THE WATERSIDE,,,Y,,
MARINA ONE RESIDENCES,MS Commercial Pte Ltd/MS Residential 1 Pte Ltd/MS Residential 2 Pte Ltd,Marina Way/Straits View,Y,1.317829,103.832478
ASTON RESIDENCE,,,Y,1.352083,103.819836
PARRY PARK,,,Y,1.364375,103.878378
AVILA TERRACE,,,Y,1.359912,103.968981
MANDALE HEIGHTS,,,Y,,
BEDOK COURT,,,Y,1.326638,103.951137
GILSTEAD BROOKS,,,Y,1.352083,103.819836
STRATA,,,Y,,
LEVILLE ISUITES,,,Y,1.305919,103.902587
PEOPLE'S PARK COMPLEX,,,Y,1.284198,103.842549
PARC OLYMPIA,KBD Flora Pte Ltd,Flora Drive,Y,1.352083,103.819836
THE GLADES,Sherwood Development Pte Ltd,Bedok Rise,Y,1.352083,103.819836
PEACH GARDEN,,,Y,1.298089,103.895818
RIDGEWOOD,,,Y,1.317093,103.778489
NATHAN PLACE,,,Y,1.296262,103.825725
ATRIUM RESIDENCES,,,Y,1.352083,103.819836
PEAKVIEW ESTATE,,,Y,1.352083,103.819836
BARTLEY RIDGE,Mount V Development Pte Ltd,Mount Vernon Road,Y,1.343714,103.87802
CAVENAGH HOUSE,,,Y,,
WEST BAY CONDOMINIUM,,,Y,1.299051,103.766868
CITY GATE,Bayfront Ventures Pte Ltd,Beach Road,Y,30.306055,-81.582101
SHELFORD 23,,,Y,1.327891,103.812337
SYMPHONY HEIGHTS,,,Y,1.356858,103.767371
NINE RESIDENCES,CEL-Yishun (Commercial) Pte Ltd/CEL-Yishun (Residential) Pte Ltd,Yishun Avenue 9,Y,1.317829,103.832478
D'CHATEAU @ SHELFORD,,,Y,,
CALLIDORA VILLE,,,Y,1.352083,103.819836
SCOTTS HIGHPARK,,,Y,1.352083,103.819836
LAKEPOINT CONDOMINIUM,,,Y,1.340104,103.716259
MT SINAI RESIDENCES,,,Y,1.352083,103.819836
THE VILLAS @ SENTOSA COVE,,,Y,1.25882,103.815038
PARC CENTROS,Wee Hur (Punggol Central) Pte Ltd,Punggol Central,Y,,
TANGLIN HILL CONDOMINIUM,,,Y,1.352083,103.819836
CENTURION 12,,,Y,1.352083,103.819836
THE SUNNY SPRING,,,Y,1.352083,103.819836
SEAHILL,Boo Han Holdings Pte Ltd,West Coast Crescent,Y,1.352083,103.819836
CHIP HOCK GARDENS,,,Y,1.352083,103.819836
CASA MERAH,,,Y,1.352083,103.819836
NORTHVALE,,,Y,1.387644,103.745935
THE GREENWICH,Far East Square Pte Ltd,Seletar Road,Y,,
MUTIARA CREST,,,Y,1.352083,103.819836
THE GERANIUM,,,Y,,
SERANGOON PARK,,,Y,1.370635,103.900919
YISHUN EMERALD,,,Y,1.352083,103.819836
HORIZON TOWER,,,Y,,
STRATTON GREEN,,,Y,1.382209,103.865075
THE TOMLINSON,,,Y,,
SEASONS PARK,,,Y,,
MIRAGE TOWER,,,Y,1.352083,103.819836
THE SUMMIT,,,Y,1.315047,103.940899
RIVERVALE CREST,,,Y,,
CARABELLE,,,Y,,
BAYWATER,,,Y,1.407245,103.867509
MAYSPRINGS,,,Y,,
THE VISION,,,Y,1.352083,103.819836
SIGNATURE PARK,,,Y,1.342618,103.770264
CITY REGENCY,,,Y,30.306055,-81.582101
SEA ESTA,,,Y,1.352083,103.819836
AZALEA PARK CONDOMINIUM,,,Y,1.352083,103.819836
RIVERSIDE MELODIES,,,Y,,
VALLEY PARK,,,Y,1.277721,103.850878
EIGHT COURTYARDS,,,Y,35.121693,-106.502232
D'ECOSIA,,,Y,1.352083,103.819836
PALACIO,Residenza Pte Ltd,Lorong M Telok Kurau,Y,1.352083,103.819836
L'VIV,,,Y,1.352083,103.819836
GOLDEN MILE COMPLEX,,,Y,1.302809,103.865293
FAR HORIZON GARDENS,,,Y,1.352083,103.819836
AMBER SKYE,CS Amber Development Pte Ltd,Amber Road,Y,1.352083,103.819836
SUNRISE GARDENS,,,Y,1.388457,103.855432
JULUCA,,,Y,1.352083,103.819836
VENTURA HEIGHTS,,,Y,1.352083,103.819836
LA FIESTA,EL Development (Sengkang) Pte Ltd,Sengkang Square,Y,1.352083,103.819836
BLUE HORIZON,,,Y,,
TAI KENG GARDENS,,,Y,1.347203,103.884954
EVERGREEN PARK,,,Y,1.315132,103.934549
MY MANHATTAN,,,Y,1.352083,103.819836
GOODLUCK GARDEN,,,Y,,
CENTRAL GROVE,,,Y,1.344211,103.860034
SIMSVILLE,,,Y,1.316623,103.890334
THE MADEIRA,,,Y,,
CAIRNHILL PLAZA,,,Y,1.306578,103.837381
CHANGI HEIGHTS,,,Y,1.318358,103.908854
THE COAST AT SENTOSA COVE,,,Y,1.244819,103.841058
SHAMROCK PARK,,,Y,1.352083,103.819836
THE SIERRA,,,Y,1.317836,103.780183
ECO,eCO Properties Pte Ltd,Bedok South Avenue 3,,,
WATTEN RESIDENCES,,,,1.352083,103.819836
ADELPHI PARK ESTATE,,,,1.352083,103.819836
VICTORIA PARK VILLAS,Athens Residential Development Pte Ltd,Coronation Road,,1.320218,103.802953
FUYONG ESTATE,,,,1.352083,103.819836
THE SHAUGHNESSY,,,,1.417255,103.845908
WINDSOR PARK ESTATE,,,,1.357389,103.825686
BELGRAVIA PARK,,,,1.352083,103.819836
SOMMERVILLE PARK,,,,1.34499,103.868203
SOO CHOW GARDEN,,,,1.353878,103.831226
ONE SURIN,Urban Lofts Pte Ltd,Surin Avenue,,1.354111,103.879562
TAI HWAN GARDEN,,,,1.357436,103.861144
BEDOK RIA,,,,1.327021,103.95307
SUNBIRD PARK,,,,1.339377,103.959243
PAVILION PARK,,,,1.368455,103.751751
JANSEN 8,,,,1.358815,103.878034
GENTLE VILLAS,,,,1.319638,103.839468
MIMOSA TERRACE,,,,1.38417,103.860918
LADYHILL PARK,,,,1.310373,103.824157
HILLSTA,TrustHouse Pte Ltd,Phoenix Road,,1.376434,103.756693
YEW LIAN PARK,,,,1.352083,103.819836
LIRIA TERRACE,,,,1.360448,103.968256
PARK VILLAS,,,,1.368006,103.877973
ONE LYNWOOD,,,,1.344228,103.862892
MUGLISTON HILL,,,,1.304598,103.900922
HEETON CLASSIC,,,,1.352083,103.819836
WATTEN ESTATE,,,,1.329303,103.809764
THE INGLEWOOD,,,,1.360708,103.830039
THE SPRINGSIDE,Kallang Development Pte Ltd,Jalan Ulu Seletar/Sembawang Road,,1.404658,103.820785
LUXUS HILLS (PH 7),,,,1.352083,103.819836
SEMBAWANG SPRINGS ESTATE,,,,1.352083,103.819836
PRESIDENT GARDENS,,,,1.352083,103.819836
VISTA GARDEN,,,,1.255506,103.818691
WESTVILLE,,,,1.352595,103.701116
FANTA GARDEN,,,,1.352083,103.819836
HARBOUR VIEW GARDENS,,,,1.288264,103.770994
THOMSON GARDEN ESTATE,,,,1.327496,103.841345
SUMMER PLACE,,,,1.356529,103.868869
BEAU VISTA,,,,1.352083,103.819836
PARRYVILLE,,,,1.352083,103.819836
VILLA VERDE,,,,1.389374,103.752911
LOYANG VILLAS,,,,1.372122,103.972845
CORONATION VILLAGE,,,,1.321882,103.805303
BRIGHTON CREST,,,,1.360945,103.869065
EMERALD HILL CONSERVATION AREA,,,,1.352083,103.819836
EXCELSIOR GARDENS,,,,1.325011,103.95232
SHANGRI0LA PARK,,,,1.369787,103.83305
GOLDEN RISE ESTATE,,,,1.354651,103.861626
MING TECK PARK,,,,1.319677,103.788405
PASIR RIS BEACH PARK,,,,1.383695,103.947101
ST ANNE'S WOOD,,,,1.391473,103.903135
REGENT VILLAS,,,,1.322361,103.790981
PASIR PANJANG GARDENS,,,,1.28086,103.784958
RICHARD'S PARK,,,,1.361873,103.881739
FUDU PARK,,,,1.38996,103.838203
THE AMBIENCE,,,,1.512807,103.823205
SERENE PARK,,,,1.322198,103.813694
JIN DING GARDEN,,,,1.352083,103.819836
THE WHITLEY RESIDENCES,Hoi Hup Realty Pte Ltd,Whitley Road,,1.352083,103.819836
GOLDHILL GARDENS,,,,1.319249,103.831929
BEDOK GROVE,,,,1.326638,103.951137
THE RIVERINA,,,,1.379723,103.945527
POETS VILLAS,,,,1.352083,103.819836
FLORIDA PARK,,,,1.356552,103.827184
LIMAU VILLAS,,,,1.322361,103.949176
SEMBAWANG STRAITS ESTATE,,,,1.352083,103.819836
SAVOY PARK,,,,1.333001,103.768276
PEOPLE'S GARDEN,,,,1.367983,103.88886
PEIRCE VILLAS,,,,1.305212,103.807426
LAKESIDE GROVE,,,,1.342403,103.719496
WEST PARK REGENCY,,,,1.403684,103.86719
KEW GATE,,,,1.318647,103.949872
CLEMENTI GREEN,,,,1.313547,103.772215
HONG HENG TERRACE,,,,1.458505,103.76412
D'MANOR,,,,1.352083,103.819836
SUNRISE VILLA,,,,1.352083,103.819836
SPRINGLEAF GARDEN,,,,1.397831,103.821793
SENNETT ESTATE,,,,1.318841,103.938682
TOH ESTATE,,,,1.365662,103.972893
MACPHERSON GARDEN ESTATE,,,,1.331138,103.878781
CLOVER PARK,,,,1.350883,103.844038
PHOENIX HEIGHTS,,,,1.37699,103.757227
THE CHANCERY RESIDENCE,,,,1.352083,103.819836
HENRY PARK,,,,1.315769,103.782661
SIEW LIM PARK,,,,1.352083,103.819836
WEST COAST GARDENS,,,,1.310421,103.756634
CHESTNUT RESIDENCES,,,,1.367602,103.770246
CHARLTON GARDEN,,,,1.354743,103.881872
D' KENARIS,,,,1.352083,103.819836
ELIAS TERRACE,,,,1.37215,103.942103
SPRINGHILL,,,,1.385751,103.857504
SEMBAWANG GARDENS ARCADE,,,,1.363707,103.866381
CHUAN VILLAS,,,,1.353956,103.864227
KELULUT HILL,,,,1.383944,103.87335
FABER HILLS,,,,1.320422,103.756435
BURGUNDY HILL,,,,1.352083,103.819836
WILKINSON 8,,,,1.303222,103.895988
TERRA VILLAS,Tiong Aik Investments Pte Ltd,Jalan Sayang,,31.778165,-106.347777
KEW VALE,,,,1.318647,103.949872
BELGRAVIA VILLAS,Fairview Developments Pte Ltd,Belgravia Drive,,1.352083,103.819836
GOLDEN HILL ESTATE,,,,1.355252,103.861584
SEVEN CRESCENT,,,,1.300127,103.894021
THE SPRINGFIELD,,,,1.350658,103.929568
THE GARDENS AT GERALD,,,,1.352083,103.819836
KEW RESIDENCIA,,,,1.318437,103.951383
ESTRIVILLAS,,,,1.352083,103.819836
EAST COAST PARK,,,,1.300784,103.912187
EAST COAST HILL,,,,1.305226,103.923256
HILLVIEW GARDEN ESTATE,,,,1.35764,103.758338
PONGGOL PARK,,,,1.409323,103.897786
THOMSON RIDGE ESTATE,,,,1.352528,103.833855
BAN GUAN PARK,,,,1.352083,103.819836
SWISS CLUB PARK,,,,1.333405,103.791904
SPRINGWOOD,,,,1.279048,103.790869
DUNEARN ESTATE,,,,1.325781,103.808567
CHIP THYE GARDEN,,,,1.381006,103.838364
BANYAN PARK,,,,1.263887,103.674385
SUMMER GARDENS,,,,1.356529,103.868869
BEDOK PARK,,,,1.325024,103.914352
LUCKY HILL,,,,1.317523,103.940811
CHELSEA VILLAGE,,,,1.31359,103.827431
TAI KENG VILLAS,,,,1.347203,103.884954
FLORISSA PARK,,,,1.387103,103.835384
OCEAN 8,,,,1.248156,103.84186
ENG KONG PARK,,,,1.334256,103.768333
CHUAN TERRACE,,,,1.362675,103.867365
LYNNSVILLE 331,,,,1.352083,103.819836
CASHEW VILLAS,,,,1.371882,103.767783
CHARLTON 27,Surindipity Pte Ltd,Surin Avenue,,1.356613,103.881678
THE TENERIFFE,,,,1.352083,103.819836
CORAL PARK,,,,1.251993,103.846094
MEDALLION,,,,1.352083,103.819836
HAPPY ESTATE,,,,1.33027,103.88149
THOMSON HILLS ESTATE,,,,1.378574,103.831872
MANILA GARDENS,,,,1.299077,103.853998
OASIS @ MULBERRY,,,,1.352083,103.819836
APOLLO GARDENS,,,,1.352083,103.819836
MOUNT SINAI,,,,1.315409,103.778484
RAYA GARDEN,,,,1.352083,103.819836
BEAUTY GARDEN,,,,1.361716,103.748738
CHENG SOON GARDEN,,,,1.334601,103.772287
MAYFAIR PARK,,,,1.352083,103.819836
MARLENE VILLE,,,,1.352083,103.819836
KINGSFORD WATERBAY,Kingsford Property Development Pte Ltd,Upper Serangoon View,,1.352083,103.819836
ENG AUN PARK,,,,1.352083,103.819836
MISTRAL PARK,,,,1.339155,103.955634
DALLA VALE,,,,1.400552,103.823633
ILLOURA,,,,1.352083,103.819836
KINGSVILLE,,,,1.352083,103.819836
TRUSSVILLE,,,,1.352083,103.819836
SUMMER GROVE,,,,1.356529,103.868869
EDEN PARK,,,,1.344895,103.871733
EASTWOOD WALK GARDENS,,,,1.322498,103.956741
EASTWOOD PARK,,,,1.321395,103.956048
GEYLANG CONSERVATION AREA,,,,1.352083,103.819836
THE BERTHSIDE,,,,1.352083,103.819836
KIMNAN PARK,,,,1.352083,103.819836
ST NICHOLAS VIEW,,,,1.373296,103.832776
SANTA TERRACES,,,,1.352083,103.819836
VILLA BEGONIA,,,,1.352083,103.819836
KALEIDO,Amerald Land (TKLK) Pte Ltd,Lorong K Telok Kurau,,1.352083,103.819836
CHUAN VISTA,,,,1.360459,103.866841
YONG SENG ESTATE,,,,1.33413,103.721449
CENTURY WOODS,,,,1.352083,103.819836
PAYA LEBAR GARDENS,,,,1.324012,103.890834
SUMMER VILLAS,,,,1.387188,103.877839
CAPITOL PARK,,,,36.179475,-115.046508
GROVE RESIDENCE,,,,1.352083,103.819836
VILLAS SIX,,,,1.367636,103.87694
ALWYN PARK,,,,1.352083,103.819836
VILLA PONDER ROSA,,,,1.352083,103.819836
AVANT PARC,,,,1.352083,103.819836
DEDAP GARDENS,,,,1.388196,103.865338
HOCK SWEE HILL,,,,1.285508,103.839063
HOLLAND GROVE,,,,1.313155,103.780517
THE SILVER SPURZ,,,,1.352083,103.819836
HOLLAND GARDENS,,,,1.313005,103.797956
LOTUS VILLE,JVA LTK Pte Ltd,Lorong L Telok Kurau,,1.352083,103.819836
CHARLTON VILLAS,,,,1.354743,103.881872
CACTUS BLOOM,,,,1.352083,103.819836
AVENUE VILLAS,,,,1.368006,103.877973
GAMBIER COURT,,,,1.352083,103.819836
HORIZON GARDENS,,,,1.376844,103.83484
TANAH MERAH GREEN,,,,1.32564,103.972212
GALLOP PARK,,,,1.318429,103.81221
MANDAI GARDEN,,,,1.411853,103.786395
MERA GARDENS,,,,1.352083,103.819836
WOLSKEL LODGE,,,,1.352083,103.819836
HONG KONG PARK,,,,1.287272,103.847862
PAVILION PARK (PHASE 2),,,,1.352083,103.819836
BLOSSOM GARDENS,,,,1.344935,103.876443
MING PARK,,,,1.319677,103.788405
STRAITS GARDENS,,,,1.279755,103.853602
WELLINGTON PARK,,,,1.452661,103.821818
MANDARIN PARK,,,,1.352083,103.819836
RESERVOIR VILLAS,,,,1.341011,103.832706
GARLICK VILLE,,,,1.325515,103.792828
NAMLY COURT,,,,1.326563,103.797844
ISLAND COUNTRY VILLAS,,,,1.25882,103.815038
FORTUNE VIEW,,,,1.352083,103.819836
HAZEL PARK TERRACE,,,,1.371722,103.764282
TAI HWAN PARK,,,,1.356208,103.860442
LE ROYCE @ LEITH PARK,,,,1.362117,103.874117
CANARY PARK,,,,1.352083,103.819836
MOUNT ECHO PARK,,,,1.295981,103.82035
ATELIER VILLAS,,,,1.352083,103.819836
EASTWOOD VILLE,,,,1.352083,103.819836
MIMOSA VALE,,,,1.382821,103.860185
GOODMAN CREST,,,,1.304403,103.890254
WATERFRONT @ FABER,World Class Land Pte Ltd,Faber Walk,,1.352083,103.819836
BEDOK PESARI,,,,1.32433,103.954441
FULTON HILL,,,,1.361841,103.833748
WOODLANDS PARK,,,,1.438192,103.78896
PEAKVILLE PARK,,,,1.332687,103.945169
GREENRIDGE,,,,1.334287,103.765934
MERA TERRACE,,,,1.347449,103.963994
CHWEE CHIAN VIEW,,,,1.279831,103.788182
LANDED HOUSING DEVELOPMENT,,,,1.352083,103.819836
MILFORD VILLAS,,,,1.352083,103.819836
THOMSON RISE ESTATE,,,,1.327496,103.841345
MIMOSA VILLAS,,,,1.384124,103.862119
BEECHWOOD TERRACE,,,,1.427053,103.778478
SELETAR GARDEN,,,,1.407095,103.884384
SUNCOTTAGES,,,,1.3721,103.768981
THE GLENCAIRD RESIDENCES,,,,1.352083,103.819836
ARDISIA GARDEN,,,,1.347739,103.877548
SARACA VILLAS,,,,1.383773,103.858914
GOLDENHILL VILLAS,,,,1.352083,103.819836
ROSIE VIEW,,,,1.322844,103.835245
HOOVER PARK,,,,1.344207,103.772752
VERDANA VILLAS,,,,1.352083,103.819836
CALDECOTT HILL ESTATE,,,,1.33895,103.8312
ISLAND PARK,,,,1.409295,103.92165
SIN CHUAN GARDEN,,,,1.352083,103.819836
SENG YONG VILLAS,,,,1.352083,103.819836
FORTUNA HILL,,,,1.352083,103.819836
WATER TERRACE,,,,1.354079,103.697939
VENTANA VILLAS,,,,1.352083,103.819836
THE CLEMENTVALE,,,,1.352083,103.819836
GAMBIR GARDENS,,,,1.344195,103.874313
LENTOR VIEW,,,,1.395534,103.832025
RIVERTREES RESIDENCES,Watervine Homes Pte Ltd,Fernvale Close,,1.352083,103.819836
SANFORD PARK,,,,28.591487,-81.273429
GERALD RESIDENCE,,,,1.352083,103.819836
SOVEREIGN @ SIMON,,,,1.352083,103.819836
EATON PARK,,,,1.38829,103.877328
BUKIT VILLAS,,,,1.416438,103.754764
WEST SEA GARDENS,,,,1.305377,103.907212
THE ARECA,,,,1.33924,103.88424
YUNNAN GARDENS,,,,1.338575,103.692206
PARRY GREEN,,,,1.364375,103.878378
BINJAI CREST,,,,1.343054,103.786989
TERESA 8,,,,1.276506,103.825755
WEST POINT PEARL GARDEN,,,,1.283559,103.841274
LUXUS HILLS (PH 6),,,,1.352083,103.819836
THOMSON PARK,,,,1.35431,103.834352
SURIN GARDENS,,,,1.356388,103.884264
VICTORY VILLE,,,,1.352083,103.819836
SOMMERVILLE REGENCY,,,,1.352083,103.819836
CHESTNUT GARDENS,,,,1.36919,103.768577
KINGSFORD TERRACE,,,,1.352083,103.819836
MARINE GARDEN,,,,1.304968,103.916227
SEASIDE PARK,,,,1.352083,103.819836
PALMS @ SIXTH AVENUE,,,,1.324384,103.792254
MELODY VILLAS,,,,1.352083,103.819836
WHITEVILLAS ROW,,,,31.778165,-106.347777
LANGE 28,,,,1.359003,103.877412
8 @ STRATTON,,,,1.381058,103.867326
SIGLAP PARK,,,,1.310857,103.916846
MAYFLOWER GARDENS,,,,1.371821,103.839549
SARACA GARDENS,,,,1.385429,103.863628
CASHEW ESTATE,,,,1.371882,103.767783
BARKER VILLE,,,,1.352083,103.819836
QUEEN ASTRID PARK,,,,1.318374,103.790669
FENGLI GARDENS,,,,1.352083,103.819836
ISLAND GARDENS,,,,1.362202,103.829647
HIGH PARK RESIDENCES,Fernvale Development Pte Ltd,Fernvale Road,,1.352083,103.819836
GOODWOOD GRAND,Feature (Balmoral) Pte Ltd,Balmoral Road,,1.352083,103.819836
PRINCETON VALE,,,,1.352083,103.819836
GREEN PARK,,,,1.347895,103.788828
DUCHESS GARDEN,,,,1.323288,103.807159
COUNTRYVIEW,,,,1.388529,103.840544
SIGLAP HILL 33,,,,1.320259,103.918876
YIO CHU KANG TERRACE,,,,1.358999,103.875329
JC VILLE,,,,1.352083,103.819836
THE TOP RESIDENCE,,,,1.352083,103.819836
GARDEN VIEW ESTATE,,,,1.35764,103.758338
PINEWOOD TERRACE,,,,1.428243,103.780078
RESIDENCE 8,,,,1.316056,103.890896
RAINTREE VALLEY,,,,1.352083,103.819836
SARINA PARK,,,,1.31963,103.907758
LENTOR VILLAS,,,,1.395534,103.832025
FABER GARDEN,,,,1.352083,103.819836
VALVISTA,,,,1.352083,103.819836
CAMELIA PARK,,,,1.352083,103.819836
CHUAN VALE,,,,1.353956,103.864227
TIVOLI GARDENS,,,,1.352083,103.819836
GREENWOOD MEWS,Golden Development Pte Ltd/Astoria Park Pte Ltd,Greenwood Avenue,,1.334482,103.805153
PLATINA GARDENS,,,,1.427523,103.825857
VAUGHAN GARDEN,,,,1.347276,103.871089
COMFORT GARDEN,,,,12.887454,77.553703
UNIQUE GARDEN,,,,1.352083,103.819836
CHEOW KENG GARDEN,,,,1.307389,103.905797
ORCHID VILLAGE,,,,1.301578,103.838276
CAMWOOD PARK,,,,1.352083,103.819836
3BHC,,,,1.352083,103.819836
KEW COTTAGES,,,,1.318647,103.949872
CLASSICAL TERRACE,,,,1.344744,103.876492
CHUAN GREEN,,,,1.353956,103.864227
SIMEI GARDEN,,,,1.337987,103.949976
CERELIA VISTA,,,,1.352083,103.819836
JEWEL @ CHUAN HOE,,,,1.352083,103.819836
ROMAN TERRACE,,,,41.824258,12.444721
CHUAN LOFT,,,,1.361632,103.866395
BLAIR PLAIN CONSERVATION AREA,,,,1.352083,103.819836
LUCKY PARK,,,,1.317523,103.940811
CHARLTON PARK,,,,1.354743,103.881872
HOCK SENG PARK,,,,1.352083,103.819836
WESTMONT,,,,1.352083,103.819836
WATER VILLAS,,,,1.365033,103.615313
LAUW AND SONS GARDEN,,,,1.352083,103.819836
STRATTON PARK,,,,1.380899,103.866293
BUKIT LOYANG ESTATE,,,,1.352083,103.819836
HOLLAND GREEN,,,,1.326015,103.78415
SANDALWOOD,,,,1.352083,103.819836
GOLDEN CHUAN VILLE,,,,1.352083,103.819836
FERNHILL COTTAGE,,,,1.313854,103.824031
CHUAN VISTA II,,,,1.341351,103.889157
BAROSSA GARDENS,,,,1.281281,103.784119
YUGI GARDEN,,,,1.352083,103.819836
CACTUS GREEN,,,,1.391225,103.850815
THE MONDRIAN,,,,1.352083,103.819836
EIGHT @ EAST COAST,,,,1.312705,103.925406
GLASGOW GREEN,,,,1.36162,103.878666
GRANDIOSO 8,,,,1.352083,103.819836
HEETON PARK,,,,1.352083,103.819836
KASARA,,,,1.352083,103.819836
EASTWOOD GREEN TERRACES,,,,1.352083,103.819836
LIMAU GROVE,,,,1.322937,103.951574
JERVOIS VILLE,,,,1.294922,103.821179
HARVEY RESIDENCES,,,,1.352083,103.819836
KOVAN REGENCY,,,,1.352083,103.819836
CHEPSTOW VILLE,,,,1.352083,103.819836
SUNGROVE,,,,1.352083,103.819836
VILLAS @ GILSTEAD,,,,1.317216,103.838846
SURIN VILLAS,,,,1.356388,103.884264
BARKER TERRACES,,,,1.352083,103.819836
PARADISE ISLAND,,,,1.25065,103.843799
SANDY ISLAND,,,,1.311885,103.893052
MICHAELS' RESIDENCES,B+M Avenue Pte Ltd,Almond Street/Almond Avenue,,1.352083,103.819836
PALM GROVE REGENCY,,,,1.352083,103.819836
BARTLEY VILLAS,,,,1.345106,103.878063
SUMMERLEA GREEN,,,,1.352083,103.819836
MUN WAH GARDEN,,,,1.352083,103.819836
ODEON SEASIDE PARK,,,,39.926785,-74.077081
LOWLAND TERRACE,,,,1.361446,103.883249
ELEVEN @ HOLLAND,,,,1.308714,103.793108
SPRINGLEAF VILLAS,,,,1.397423,103.822168
CHUAN GARDEN,,,,1.363048,103.868319
LLYN GARDENS,,,,1.352083,103.819836
LEITH PARK,,,,1.362117,103.874117
WEST SHORE RESIDENCES,,,,1.352083,103.819836
RACE COURSE RD/OWEN RD CON AREA,,,,1.352083,103.819836
CHATEAU LA SALLE,,,,1.352083,103.819836
GOODLINK PARK,,,,1.426335,103.825402
HENLEY GARDENS,,,,1.352083,103.819836
DUNSFOLD RESIDENCES,,,,1.352083,103.819836
MALAYSIA PARK,,,,1.370962,103.611524
SPRING PARK ESTATE,,,,30.306055,-81.582101
ENGLISH VILLAS,,,,1.32717,103.949922
ALLSWORTH PARK,,,,1.352083,103.819836
HAUS@SERANGOON GARDEN,Sparkland Holdings Pte Ltd,Serangoon Garden Drive/Place/Rise/Close/Terrace,,1.363707,103.866381
THOMSON HILLS,,,,1.378574,103.831872
NORTHSHORE BUNGALOWS,,,,1.352083,103.819836
BARKER 9,,,,1.319801,103.833941
TUAN SING PARK,,,,1.352083,103.819836
TATIANA TERRACE,,,,1.352083,103.819836
CHANGI GROVE,,,,1.318358,103.908854
GENTLE REFLECTIONS,,,,1.352083,103.819836
LA QUINTA PARK,,,,1.352083,103.819836
SILVER HILL,,,,29.882396,-95.559618
LEGEND @ JANSEN,,,,1.352083,103.819836
THE FORD @ HOLLAND,,,,1.312866,103.794086
BARTLEY RISE ESTATE,,,,1.343714,103.87802
BOUTIQUE @ KOVAN,,,,1.352083,103.819836
PALM TREE NINES,,,,1.320445,103.952588
GREENBANK PARK,,,,1.347895,103.788828
D' SILVA TERRACE,,,,1.365466,103.882156
TEMBELING TERRACES,,,,1.352083,103.819836
LILAC PARK,,,,1.381825,103.862152
LOYANG GROVE,,,,1.372122,103.972845
FERNWOOD TERRACE,,,,1.309664,103.924605
GUAN SOON TERRACE,,,,1.337883,103.953621
GUAN SOON VILLAS,,,,1.337883,103.953621
HUA MEI GARDENS,,,,22.275808,113.542299
SARINA TERRACE,,,,1.31963,103.907758
TEMBELING VILLAS,,,,1.310531,103.902828
CHUAN VILLE,,,,1.361889,103.866865
MIMOSA GARDENS,,,,1.384124,103.862119
D'BELLA TERRACE,,,,1.363894,103.885843
LYNWOOD EIGHT,,,,1.345046,103.862988
GAO MIN HUA YUAN,,,,1.352083,103.819836
DUKE'S GARDEN,,,,1.322997,103.812336
WOODGROVE ESTATE,,,,1.427674,103.780691
UNIVERSITY PARK,,,,1.324149,103.817643
KIM LIN PARK,,,,1.328683,103.906971
FOH PIN GARDEN,,,,1.352083,103.819836
CHANCERY HILL VILLAS,Distinct Home (Chancery) Pte Ltd,Chancery Hill Road,,1.324013,103.839063
SPRINGDEW TERRACE,,,,1.352083,103.819836
NANYANG PARK,,,,1.350597,103.685774
SEA BREEZE TERRACE,,,,1.337471,103.95271
PRINCESS OF WALES PARK,,,,1.323369,103.80813
JADE VINE GARDENS,,,,1.352083,103.819836
AIRVIEW PARK,,,,29.882153,-95.563039
GREEN SPRINGS,,,,1.281169,103.84362
DA SILVA VILLAS,,,,1.364192,103.883025
COTSWOLD VILLAS,,,,1.347478,103.861532
GRYPHON TERRACE,,,,1.352083,103.819836
KIARA TEN,,,,1.479161,103.632611
LOYANG GREEN,,,,1.372122,103.972845
WESTPEAK TERRACE,,,,1.352083,103.819836
PICARDY GARDENS,,,,1.333945,103.948884
SELETAR VIEW,Sun Fong Land Pte Ltd,Seletar Hills Drive,,1.411907,103.870067
BRIZAY PARK,,,,1.331315,103.786828
SEMBAWANG SQUARE ESTATE,,,,1.432256,103.826753
TREVOSE 12,,,,1.323255,103.821001
FARRER GARDENS,,,,1.317494,103.807725
GPL TERRACE,,,,1.352083,103.819836
KING'S 8,,,,1.32279,103.810343
DUBLIN LODGE,,,,1.352083,103.819836
CENTURION RESIDENCES,,,,1.352083,103.819836
SANDERIANA,,,,1.352083,103.819836
SOMMERVILLE RESIDENCES,,,,1.352083,103.819836
VILLAS LA VUE,,,,1.352083,103.819836
SERENADE GARDENS,,,,1.379386,103.834679
MONTCLAIR @ WHITLEY,,,,1.352083,103.819836
ONE CHILTERN,,,,1.348479,103.860974
GERALD GARDENS,,,,1.38419,103.877335
LORNIE 18,,,,1.338374,103.819717
KILBURN ESTATE,,,,1.352083,103.819836
THE MORNING DEW,,,,1.352083,103.819836
DUNSFOLD 18,,,,1.347269,103.860749
MCMAHON PARK,,,,1.352083,103.819836
SERANGOON GARDEN VIEW,,,,1.363707,103.866381
HIGHLAND RESIDENCES,,,,1.352083,103.819836
CASA FIDELIO,,,,1.352083,103.819836
DRAGON VIEW PARK,,,,1.352083,103.819836
LA SALLE VILLAS,,,,1.318588,103.919125
MOSELLA,,,,1.352083,103.819836
LINK RESIDENCE @ HOLLAND,,,,1.352083,103.819836
SIGLAP GARDEN,,,,1.311689,103.925149
SHEPHERD'S HILL ESTATE,,,,1.291716,103.806552
MONT TIMAH,,,,1.314532,103.785042
HERITAGE 9,,,,1.324022,103.845493
BREEZEWAYS,,,,1.352083,103.819836
COASTAL VILLAS,,,,1.305226,103.923256
CAIFU VIEW,,,,1.352083,103.819836
RIA TOWNHOUSES,,,,1.276528,103.792592
FORTUNA GARDENS,,,,1.352083,103.819836
THE SHORELINE RESIDENCES II,,,,1.352083,103.819836
ENG KONG GREEN,,,,1.335627,103.76963
BELLAVILLE,,,,1.352083,103.819836
THE SHORELINE RESIDENCES I,,,,1.352083,103.819836
WESTSIDE 33,,,,1.352083,103.819836
GOVT CO0OP HOUSING ESTATE,,,,1.352083,103.819836
ASTON GREEN,,,,1.352083,103.819836
HAPPY PARK,,,,1.375896,103.832404
BEDOKVILLE,,,,1.326638,103.951137
BANYAN VILLAS,,,,1.388289,103.838717
GEYLANG HERITAGE,,,,1.313144,103.887505
THE HILLOFT,,,,1.352083,103.819836
HUIT,,,,1.352083,103.819836
GRACE PARK,,,,1.357482,103.869683
FLORENCE GROVE,,,,1.361802,103.886077
SANDILANDS RESIDENCES,,,,1.352083,103.819836
TUDOR TEN,,,,1.326669,103.820062
CARMINE COLLECTION,,,,1.352083,103.819836
EASTREES,,,,1.352083,103.819836
LORNIE GARDENS,,,,1.34106,103.828629
SEAVIEW PARK,,,,1.300277,103.896426
THE WOODS,,,,1.351266,103.698472
MAYFLOWER VILLE,,,,1.352083,103.819836
THE SILVA GARDENS,,,,1.364106,103.883266
EASTWOOD GARDENS,,,,1.321395,103.956048
BENA PARK,,,,1.354152,103.969028
BINJAI PARK,,,,1.339519,103.787636
DAISY PARK,,,,1.344158,103.867378
SPRINGBROOK TERRACE,,,,1.352083,103.819836
CHISELHURST GREEN,,,,1.358161,103.865782
SILAHIS VILLE,,,,1.323665,103.909784
KEW GROVE,,,,1.318647,103.949872
RESIDENCES @ STANGEE,,,,1.352083,103.819836
INGGU 6,,,,1.460895,103.838589
NEW SOO CHOW GARDENS,,,,1.353878,103.831226
MARGATE TERRACE,,,,1.298021,103.88863
POH HUAT GARDENS,,,,1.36653,103.882246
PINE VILLAS,,,,1.308108,103.882958
WASHINGTONIA VILLA,,,,1.352083,103.819836
PALM GROVE TERRACE,,,,1.360457,103.879502
VILLAS AT KEW,,,,1.352083,103.819836
CHUAN SEVEN,,,,1.359457,103.867808
RIDGEVALE GARDENS,,,,1.352083,103.819836
CHESTER PARK,,,,1.366584,103.864022
REBECCA PARK,,,,1.320788,103.800737
TANAH MERAH PARK,,,,1.32564,103.972212
TAI PENG GARDENS,,,,1.282372,103.831091
EAST MOON PARK,,,,35.121693,-106.502232
DUCHESS PLACE,,,,1.324986,103.802075
EAST VIEW PARK,,,,1.359532,103.763823
RICHMOND VILLE,,,,1.352083,103.819836
HILLSGROVE,Sun Fong Realty Pte Ltd,Hillside Drive,,1.352083,103.819836
RESIDENCES @ NOVENA,,,,1.32287,103.842879
SOUTH UNION PARK,,,,28.591487,-81.273429
SUMMIT VILLE,,,,1.352083,103.819836
CHARLTON RESIDENCES,,,,1.352083,103.819836
LUSHAN GARDEN,,,,1.352083,103.819836
EVERGREEN GARDEN,,,,1.315132,103.934549
8 ON CHUAN,,,,1.352083,103.819836
BOON GARDENS,,,,1.344318,103.72704
THE WESTRIDGE,,,,1.277595,103.790194
DAISY PETALS,,,,1.352083,103.819836
MIMOSA PARK,,,,1.384262,103.862884
CAIRNHILL CONSERVATION AREA,,,,1.352083,103.819836
WHITLEY VILLAS,,,,1.327113,103.840575
REGINA HILL,,,,1.352083,103.819836
D'ELIAS,,,,1.352083,103.819836
VICTORIA PARK,,,,1.320218,103.802953
ALLAMANDA GROVE,,,,1.322709,103.794021
CLYDESCOVE,,,,1.352083,103.819836
CASA NALLUR,,,,1.352083,103.819836
LA BELLE,,,,1.351639,103.874416
KEW PLACE,,,,1.318647,103.949872
MIRAMAR GARDENS,,,,1.352083,103.819836
THE PRESTIGE COLLECTION,,,,1.352083,103.819836
GOLDLEAF GARDENS,,,,1.352083,103.819836
HAI SING PARK,,,,1.365769,103.893446
HARVEY VIEW,,,,1.339591,103.953953
ZEPHYR PARK,,,,1.352083,103.819836
LOWLAND VIEW,,,,1.361446,103.883249
HAPPY GARDENS,,,,1.33027,103.88149
GREENWOOD VILLAS,,,,1.334482,103.805153
BRIGHT GARDEN,,,,1.362,103.835491
HUA GUAN GARDENS,,,,1.337919,103.785202
TUDOR VIEW,,,,1.326881,103.819715
LAKEVIEW GARDENS,,,,1.348667,103.835485
ROSEDALE,,,,31.778165,-106.347777
SPRINGLEAF GREEN,,,,1.400473,103.824643
EALINE PARK,,,,51.510782,-0.32586
PHILLIPS RESIDENCE,,,,1.352083,103.819836
PROSPER GARDENS,,,,1.352083,103.819836
SENG HUA GARDENS,,,,1.337919,103.785202
EWART PARK,,,,1.32392,103.783901
SERANGOON GARDEN PARK,,,,1.363707,103.866381
NORTHILL,,,,1.464933,103.82636
RESIDENCES @ LIMAU,,,,1.352083,103.819836
SIMON TERRACE,,,,1.364812,103.88375
ROBIN VILLAGE,,,,1.316617,103.827788
SEASONS VIEW,,,,1.352215,103.840878
NORTH PARK RESIDENCES,North Gem Development Pte Ltd/FC North Gem Trustee Pte Ltd,Yishun Central 1,,1.464933,103.82636
SIMS URBAN OASIS,Sims Urban Oasis Pte Ltd,Sims Drive,,1.352083,103.819836
THE LAKESHORE,,,,1.249552,103.83771
EASTPOINT GREEN,,,,1.352083,103.819836
BOTANIQUE AT BARTLEY,UOL Development (Bartley) Pte Ltd,Upper Paya Lebar Road,,1.352083,103.819836
BOTANIC GARDENS MANSION,,,,1.352083,103.819836
ROBERTSON 100,,,,1.291378,103.838073
LAKEVILLE,MCL Land (Prestige) Pte Ltd,Jurong Lake Link,,1.352083,103.819836
THE TRILINQ,Clementi Development Pte Ltd,Jalan Lempeng,,1.352083,103.819836
EMERALD PARK,,,,1.302076,103.838516
SOPHIA HILLS,Hoi Hup Sunway Mount Sophia Pte Ltd,Mount Sophia,,1.352083,103.819836
THE WOODGROVE,,,,1.352083,103.819836
E0SPACE,,,,1.352083,103.819836
LE WILKIE,,,,1.352083,103.819836
COCO PALMS,Hong Realty Pte Ltd,Pasir Ris Grove,,1.352083,103.819836
KERRISDALE,,,,1.313279,103.85796
THE STELLAR,,,,1.352083,103.819836
THE QUINN,Bartley Homes Pte Ltd,Bartley Road,,1.352083,103.819836
NEWTON 21,,,,1.314716,103.840685
THE PANORAMA,Pinehill Investments Pte Ltd,Ang Mo Kio Avenue 2,,1.28299,103.848511
ROSALIA PARK,,,,1.352083,103.819836
TRIBECA,,,,1.291079,103.834533
JADE RESIDENCES,Roxy Residential Pte Ltd,Lew Lian Vale,,1.352083,103.819836
NEEM TREE,Aylesbury Pte Ltd,Jalan Kemaman,,1.352083,103.819836
CHILTERN PARK,,,,1.348935,103.863468
SOPHIA RESIDENCE,,,,1.352083,103.819836
VERSAILLES,,,,1.312008,103.890357
LEGENDA AT JOO CHIAT,,,,1.352083,103.819836
THE SORRENTO,,,,1.352083,103.819836
SUFFOLK PREMIER,,,,1.352083,103.819836
SEVENTY SAINT PATRICK'S,UOL Development (St Patrick) Pte Ltd,St. Patrick's Road,,1.352083,103.819836
TRILIVE,RH Tampines Pte Ltd,Tampines Road,,1.352083,103.819836
AQUARIUS BY THE PARK,,,,1.352083,103.819836
RESIDENCES @ KILLINEY,,,,1.352083,103.819836
VIENTO,,,,1.352083,103.819836
CITIGATE RESIDENCE,,,,1.352083,103.819836
ECO SANCTUARY,S P Setia International (S) Pte Ltd,Chestnut Avenue,,1.352083,103.819836
SYMPHONY SUITES,EL Development (Yishun) Pte Ltd,Yishun Close,,1.352083,103.819836
THE MAYFAIR,,,,1.352083,103.819836
CLUNY PARK RESIDENCE,Shelford Properties Pte Ltd,Cluny Park Road,,1.352083,103.819836
FORTUNE JADE,,,,1.352083,103.819836
COMMONWEALTH TOWERS,Wealthall Development Pte Ltd,Commonwealth Avenue,,1.352083,103.819836
SHERWOOD CONDOMINIUM,,,,1.352083,103.819836
THE SANCTUARY @ GEYLANG,1L30G Pte Ltd,Lorong 30 Geylang,,1.320054,103.891775
ASTOR GREEN,,,,1.352083,103.819836
VUE 8 RESIDENCE,Publique Realty (Pasir Ris) Pte Ltd,Pasir Ris Heights,,1.352083,103.819836
DUCHESS CREST,,,,1.323288,103.807159
LION TOWERS,,,,1.316578,103.845309
REZI 3TWO,Development 32 Pte Ltd,Lorong 32 Geylang,,1.352083,103.819836
SKIES MILTONIA,TG Master Pte Ltd,Miltonia Close,,1.352083,103.819836
91 MARSHALL,,,,1.306552,103.901119
D'LOTUS,,,,1.326176,103.853537
JEWEL @ BUANGKOK,White Haven Properties Pte Ltd,Compassvale Bow,,1.352083,103.819836
THE METROPOLITAN CONDOMINIUM,,,,1.352083,103.819836
FLORAVIEW,Oxley YCK Pte Ltd,Ang Mo Kio Street 66,,1.357133,103.965079
GRANDEUR 8,,,,1.352083,103.819836
EVERGREEN VIEW,,,,1.315132,103.934549
EUNOS MANSION,,,,1.329867,103.905612
HILLSIDE MANSIONS,,,,1.358464,103.877311
THE ARISTO @ AMBER,AG Capital Pte Ltd,Amber Road,,1.352083,103.819836
E MAISON,Global Star Development Pte Ltd,Braddell Road,,1.352083,103.819836
R MAISON,Global Star Development Pte Ltd,Sommerville Walk,,1.352083,103.819836
HARBOUR VIEW TOWERS,,,,1.264822,103.818219
PEOPLE'S PARK CENTRE,,,,1.352083,103.819836
GAIA,,,,1.327875,103.843727
# 1 SUITES,The One Development Pte Ltd,Lorong 20 Geylang,,1.303808,103.838337
THE IMPERIAL,,,,1.352083,103.819836
FABER GARDEN CONDOMINIUM,,,,1.352083,103.819836
SUITES @ SHREWSBURY,,,,1.352083,103.819836
ESTELLA GARDENS,,,,1.352083,103.819836
PARC MONDRIAN,,,,1.352083,103.819836
THE ACACIAS,,,,1.352083,103.819836
KATONG PARK TOWERS,,,,1.299665,103.888135
V ON SHENTON,UIC Investments (Properties) Pte Ltd,Shenton Way,,1.277908,103.84966
TREASURE LOFT,,,,1.352083,103.819836
CUSCADEN ROYALE,,,,1.352083,103.819836
NIM GARDENS,,,,1.38265,103.863797
WATTEN HILL,,,,1.32863,103.809368
ONE TREE HILL RESIDENCE,,,,1.352083,103.819836
THE EDGE ON CAIRNHILL,,,,1.352083,103.819836
ALEX RESIDENCES,Singland Homes (Alexandra) Pte Ltd,Alexandra View,,1.352083,103.819836
MAYFAIR GARDENS,,,,1.352083,103.819836
TANAH MERAH MANSION,,,,1.352083,103.819836
EAST VIEW,,,,1.359532,103.763823
MEDGE,,,,1.352083,103.819836
VIDA,,,,1.308895,103.838905
111 EMERALD HILL,,,,1.305099,103.839199
ST PATRICK'S GREEN,,,,1.352083,103.819836
WING FONG COURT,,,,1.311324,103.879321
EUPHONY GARDENS,,,,1.352083,103.819836
PARC VISTA,,,,1.277721,103.850878
BAYVILLE CONDOMINIUM,,,,1.352083,103.819836
NINETEEN SHELFORD ROAD,,,,1.32667,103.811642
CASA ESPANIA,,,,1.352083,103.819836
THE TENNERY,,,,1.352083,103.819836
STARLIGHT SUITES,,,,1.352083,103.819836
DUNEARN GARDENS,,,,1.325781,103.808567
WILKIE 80,,,,1.303097,103.847674
THE MAYLEA,,,,1.352083,103.819836
PALISADES,,,,1.286893,103.779765
SPRING GROVE,,,,1.281169,103.84362
RESIDENCES AT 338A,,,,1.24951,103.824412
ORCHID PARK CONDOMINIUM,,,,1.412497,103.835257
AXIS @ SIGLAP,,,,1.352083,103.819836
REGENT GROVE,,,,1.403684,103.86719
RICCHEZZA,,,,1.352083,103.819836
BURLINGTON SQUARE,,,,1.301382,103.852526
PARADISE PALMS,,,,1.352083,103.819836
FABER CREST,,,,1.318825,103.758783
DORSETT RESIDENCES,,,,1.280019,103.840502
RIVERBANK @ FERNVALE,UOL Development (Sengkang) Pte Ltd,Fernvale Close,,1.352083,103.819836
SPRINGDALE CONDOMINIUM,,,,1.352083,103.819836
EVANIA,,,,1.352083,103.819836
TANGLIN REGENCY,,,,1.291856,103.816299
VIVA VISTA,Hume Homes Pte Ltd,South Buona Vista Road,,1.352083,103.819836
SPRINGVALE,,,,1.312505,103.925025
ONE0NORTH RESIDENCES,,,,1.314847,103.90529
IVORY HEIGHTS,,,,1.352083,103.819836
THE SPRINGBLOOM,,,,1.352083,103.819836
DONG XING COURT,,,,1.312612,103.929412
THE MEDLEY,,,,1.352083,103.819836
WESTCOVE CONDOMINIUM,,,,1.352083,103.819836
REGENT HEIGHTS,,,,1.352083,103.819836
ESTERINA,,,,1.352083,103.819836
THE VENUE RESIDENCES,Crescent View Developments Pte Ltd,Tai Thong Crescent,,1.352083,103.819836
HALLMARK RESIDENCES,,,,1.352083,103.819836
PARK WEST,,,,1.317377,103.759679
LAKEVIEW ESTATE,,,,1.348704,103.83485
KEW GREEN,,,,1.318647,103.949872
SIMS RESIDENCES,,,,1.316056,103.890896
CENTRA SUITES,,,,1.352083,103.819836
SUNFLOWER REGENCY,,,,1.352083,103.819836
28 RC SUITES,Sysma Properties Pte Ltd,Race Course Lane,,1.352083,103.819836
VENTURA VIEW,,,,1.352083,103.819836
8M RESIDENCES,Gcap Properties Pte Ltd,Margate Road,,1.299179,103.888673
PANDAN VALLEY,,,,1.319483,103.778182
SINGA HILLS,Ecco Development Pte Ltd,Jalan Singa,,1.352083,103.819836
GLORIA MANSION,,,,1.286548,103.780003
REGAL 35,,,,1.315411,103.88842
GUILIN VIEW,,,,1.352083,103.819836
EAST GROVE,,,,1.313306,103.783781
EUNOSVILLE,,,,1.352083,103.819836
REGENTVILLE,,,,1.352083,103.819836
D'NEST,,,,1.352083,103.819836
CHAPEL COURT,,,,1.305445,103.907289
STARS OF KOVAN,Kovan Treasure Pte Ltd,Upper Serangoon Road,,1.352083,103.819836
THE POIZ RESIDENCES,MCC Land (Potong Pasir) Pte Ltd,Meyappa Chettiar Road,,1.352083,103.819836
KINGSFORD . HILLVIEW PEAK,Kingsford Development Pte Ltd,Hillview Rise,,1.352083,103.819836
MON JERVOIS,Singland Development (Jervois) Pte Ltd,Jervois Road,,1.352083,103.819836
THE TEMBUSU,Winsmart Investment Pte Ltd,Tampines Road,,1.304562,103.899042
HIGHLINE RESIDENCES,Harvestland Development Pte Ltd,Kim Tian Road,,1.352083,103.819836
PRINCIPAL GARDEN,Secure Venture Development (Alexandra) Pte Ltd,Prince Charles Crescent,,1.352083,103.819836
SPOTTISWOODE SUITES,Spottiswoode Development Pte Ltd,Spottiswoode Park Road,,1.352083,103.819836
LAKE GRANDE,MCL Land (Vantage) Pte Ltd,Jurong West Street 41,,28.860728,-81.754219
SKYSUITES@ANSON,,,,1.27455,103.844674
THE RISE @ OXLEY 0 RESIDENCES,,,,1.352083,103.819836
TREASURES@G6,Treasures 6 Pte Ltd,Lorong 6 Geylang,,1.352083,103.819836
STRAITS MANSIONS,Roxy Capital Pte Ltd,Sea Avenue,,1.285112,103.829279
CITY LOFT,,,,1.352083,103.819836
STURDEE RESIDENCES,SL Capital (1) Pte Ltd,Beatty Road,,1.352083,103.819836
THE SOLITAIRE,,,,1.352083,103.819836
EMERALD GARDEN,,,,1.302076,103.838516
UNIT 8,,,,1.435425,103.804863
8 @ MOUNT SOPHIA,,,,1.301041,103.845815
HONG HENG GARDEN,,,,1.458505,103.76412
CEYLON CREST,,,,1.308594,103.900655
THOMSON EURO0ASIA,,,,1.352083,103.819836
CAVENAGH COURT,,,,1.308289,103.842376
THE TANAMERA,,,,,
ADANA @ THOMSON,Fortune Properties Pte Ltd,Old Upper Thomson Road,,,
THOMSON IMPRESSIONS,NS Property (Thomson) Pte Ltd,Lorong Puntong,,,
THE LINE @ TANJONG RHU,Lakeview Investments Pte Ltd,Tanjong Rhu Road,,,
TRE RESIDENCES,SL-GV-MCC Pte Ltd,Geylang East Avenue 1,,,
SKY VUE,Allamanda Residential Development Pte Ltd,Bishan Street 15,,,
FLORENCE REGENCY,,,,,
BANYAN CONDOMINIUM,,,,,
HILLION RESIDENCES,Sim Lian JV (BP Retail) Pte Ltd/Sim Lian JV (BP) Pte Ltd,Jelebu Road,,,
REGENCY LODGE,,,,,
TAMPINES COURT,,,,,
THE NASSIM,,,,,
RITZ REGENCY,,,,,
SHERWOOD TOWER,,,,,
PARKVIEW ECLAT,,,,,
THE LAKEFRONT RESIDENCES,,,,,
RESIDENCES 88,,,,,
PARBURY HILL CONDOMINIUM,,,,,
THE BELLEFORTE,,,,,
BOTANIC GARDENS VIEW,,,,,
VISIONCREST,,,,,
THE PRINCETON,,,,,
RIA APARTMENTS,,,,,
PASIR PANJANG LODGE,,,,,
WILKIE STUDIO,,,,,
THE TATE RESIDENCES,,,,,
LEEDON 2,,,,,
KISMIS VIEW,,,,,
D'WEAVE,,,,,
THE MILTONIA RESIDENCES,,,,,
TRILIGHT,,,,,
THE CREEK @ BUKIT,Chiu Teng @ Bukit Timah Pte Ltd,Toh Tuck Road,,,
TREVOSE PARK,,,,,
PALM LOFT,,,,,
PEIRCE VIEW,,,,,
THE SILVERTON,,,,,
THE SERENNIA,,,,,
AIRSTREAM,,,,,
THE PIER AT ROBERTSON,,,,,
GEMINI APARTMENTS,,,,,
RIVERSAILS,Benefit Investments Pte Ltd,Upper Serangoon Crescent,,,
APLETON VIEW,,,,,
THE BELMONT,,,,,
THOMSON VIEW CONDOMINIUM,,,,,
76 SHENTON,,,,,
MARINE BLUE,Ladyhill Pte Ltd,Marine Parade Road,,,
THE HILLIER,Transurban Properties Pte Ltd,Hillview Rise,,,
SUITES TWENTY0TWO,,,,,
THE ASANA,Aurum Land Pte Ltd,Queen's Road,,,
HERTFORD MANSION,,,,,
KATONG REGENCY,UOL Property Investments Pte Ltd/UOL Residential Development Pte Ltd,Tanjong Katong Road,,,
LE LOYANG,,,,,
ESCADA VIEW,,,,,
SIMS GREEN,,,,,
YISHUN SAPPHIRE,,,,,
CUSCADEN RESIDENCES,,,,,
REGENT PARK,,,,,
HARVEST MANSIONS,,,,,
BEACON HEIGHTS,,,,,
LUSH ON HOLLAND HILL,,,,,
AMBER PARK,,,,,
ONE OXLEY RISE,,,,,
FLORAVILLE,Oxley YCK Pte Ltd,Cactus Road,,,
ENG HOON MANSIONS,,,,,
HILLS TWOONE,Macly RL Pte Ltd,Hillview Terrace,,,
ARDMORE THREE,,,,,
NOVA 48,,,,,
RESIDENCE 118,,,,,
SUITES@CHANGI,,,,,
VISTA PARK,,,,,
SUITES @ TOPAZ,,,,,
FORT GARDENS,,,,,
QUEENSWAY TOWER,,,,,
FULCRUM,CEL-Fort Pte Ltd,Fort Road,,,
THE MINT RESIDENCES,,,,,
CASHEW HEIGHTS CONDOMINIUM,,,,,
SHEARES VILLE,,,,,
H RESIDENCES,,,,,
EIS RESIDENCES,,,,,
THE ELEGANCE @ CHANGI,,,,,
PALM GALLERIA,,,,,
THE ASTON,,,,,
METRO LOFT,Channel Residences Pte Ltd,Lorong 27 Geylang,,,
CUBIK,,,,,
GRAND DUCHESS AT ST PATRICK'S,,,Y,,
THE ESTA,,,Y,,
CARISSA PARK CONDOMINIUM,,,Y,,
PARK INFINIA AT WEE NAM,,,Y,,
THE QUAYSIDE,,,Y,,
THE SEA VIEW,,,Y,,
FAIRMOUNT CONDOMINIUM,,,Y,,
THE CASCADIA,,,Y,,
FERRELL RESIDENCES,,,Y,,
SCOTTS SQUARE,,,Y,,
OASIS @ ELIAS,,,Y,,
CLIVEDEN AT GRANGE,,,Y,,
FOUR SEASONS PARK,,,Y,,
CRYSTAL RHU,,,Y,,
LAGUNA GREEN,,,Y,,
THE LAURELS,,,Y,,
GRANGE RESIDENCES,,,Y,,
CAVENDISH PARK,,,Y,,
CASA CAIRNHILL,,,Y,,
THE CLAYMORE,,,Y,,
SILVERSEA,,,Y,,
THE LEVELZ,,,Y,,
CASA CAMBIO,,,Y,,
HOLLAND RESIDENCES,,,Y,,
WATERFRONT ISLE,FCL Peak Pte Ltd,Bedok Reservoir Road,Y,,
ROBERTSON BLUE,,,Y,,
KATONG GARDENS,,,Y,,
HOLLAND PEAK,,,Y,,
OASIS GARDEN,,,Y,,
LOYANG VALLEY,,,Y,,
THE WARREN,,,Y,,
THE PEAK@BALMEG,,,Y,,
HILLVISTA,,,Y,,
ST REGIS RESIDENCES SINGAPORE,,,Y,,
1 MOULMEIN RISE,,,Y,,
BUKIT REGENCY,,,Y,,
ROSEWOOD SUITES,,,Y,,
SKY@ELEVEN,,,Y,,
CITY PLAZA,,,Y,,
ROCHELLE AT NEWTON,,,Y,,
THE CALROSE,,,Y,,
SIGNATURE AT LEWIS,,,Y,,
THE CHUAN,,,Y,,
PALMERA EAST,,,Y,,
VOLARI,,,Y,,
CHANCERY COURT,,,Y,,
IRESIDENCES,,,Y,,
ORCHARD SCOTTS,,,Y,,
GALLERY 8,,,Y,,
BREEZE BY THE EAST,,,Y,,
THE LUCENT,,,Y,,
SERENITY PARK,,,Y,,
NV RESIDENCES,,,Y,,
THE INFINITI,,,Y,,
THE SUITES AT CENTRAL,,,Y,,
ASCENTIA SKY,,,Y,,
JARDIN,,,Y,,
BARTLEY RESIDENCES,,,Y,,
THE LOFT,,,Y,,
CENTENNIA SUITES,,,Y,,
NEWTON EDGE,,,Y,,
THE REGALIA,,,Y,,
PARC VERA,,,Y,,
THE TRIZON,,,Y,,
DUNEARN SUITES,,,Y,,
THE EQUATORIAL,,,Y,,
PARKSHORE,,,Y,,
SOUTHAVEN II,,,Y,,
SUITES @ PAYA LEBAR,,,Y,,
THE BAYSHORE,,,Y,,
IDYLLIC RESIDENCES,,,Y,,
THE BALE,,,Y,,
POSHGROVE EAST,,,Y,,
OCEAN PARK,,,Y,,
NORTHWOOD,,,Y,,
BEDOK RESIDENCES,,,Y,,
FORTE SUITES,Forte Development Pte Ltd,Mergui Road,Y,,
FORESQUE RESIDENCES,,,Y,,
CASAFINA,,,Y,,
GRANDE VISTA,,,Y,,
INTERNATIONAL PLAZA,,,Y,,
Q BAY RESIDENCES,Quarry Bay Pte Ltd,Tampines Street 86,Y,,
CHUAN PARK,,,Y,,
ONE SHENTON,,,Y,,
MEIER SUITES,,,Y,,
THE AMERY,,,Y,,
OPTIMA @ TANAH MERAH,,,Y,,
MARINA BAY RESIDENCES,,,Y,,
ADRIA,,,Y,,
FREESIA WOODS,,,Y,,
ONE LEICESTER,,,Y,,
TREE HOUSE,,,Y,,
SPOTTISWOODE RESIDENCES,,,Y,,
YEWTEE RESIDENCES,,,Y,,
VIZ AT HOLLAND,,,Y,,
ESPA,,,Y,,
LAGUNA PARK,,,Y,,
CHINATOWN PLAZA,,,Y,,
THE CLIFT,,,Y,,
CHIVERTON,,,Y,,
VISTA RESIDENCES,,,Y,,
LUCKY PLAZA,,,Y,,
VILLA MARINA,,,Y,,
HARBOURLIGHTS,,,Y,,
GROSVENOR VIEW,,,Y,,
NEWTON 18,,,Y,,
NEWTON SUITES,,,Y,,
RICHMOND PARK,,,Y,,
WOODSVILLE 28,,,Y,,
NIN RESIDENCE,Qingjian Realty (Serangoon) Pte Ltd,Pheng Geck Avenue,Y,,
SENNETT RESIDENCE,Clerodendrum Land Pte Ltd,Pheng Geck Avenue,Y,,
THE COSMOPOLITAN,,,Y,,
KING'S MANSION,,,Y,,
HAIG COURT,,,Y,,
THE QUARTZ,,,Y,,
THE BOUTIQ,,,Y,,
RESIDENCES @ EVELYN,,,Y,,
SUNVILLE,,,Y,,
COUNTRY GRANDEUR,,,Y,,
EON SHENTON,70 Shenton Pte Ltd,Shenton Way,Y,,
ELIZABETH HEIGHTS,,,Y,,
HAZEL PARK CONDOMINIUM,,,Y,,
SUNHAVEN,,,Y,,
GARDENVILLE,,,Y,,
CASUARINA COVE,,,Y,,
BUTTERWORTH 8,,,Y,,
THE MERASAGA,,,Y,,
SIMS DORADO,,,Y,,
CYAN,,,Y,,
IMPERIAL HEIGHTS,,,Y,,
THE VERMONT ON CAIRNHILL,,,Y,,
SUITES AT ORCHARD,,,Y,,
AMBER POINT,,,Y,,
ASTOR,,,Y,,
ECOVILLE,,,Y,,
MEYER RESIDENCE,,,Y,,
ONE FORT,,,Y,,
HILLVIEW HEIGHTS,,,Y,,
SUNGLADE,,,Y,,
TANJONG RIA CONDOMINIUM,,,Y,,
CASABELLA,,,Y,,
THE INFLORA,Tripartite Developers Pte Ltd,Flora Drive,Y,,
AMARYLLIS VILLE,,,Y,,
THE BELVEDERE,,,Y,,
THOMSON PLAZA,,,Y,,
ALBA,Far East Organization Centre Pte Ltd,Cairnhill Rise,Y,,
SHELFORD SUITES,,,Y,,
HOLT RESIDENCES,,,Y,,
THE LINCOLN MODERN,,,Y,,
PARC EMILY,,,Y,,
8 RODYK,,,Y,,
BEVERLY HILL,,,Y,,
RIVAGE,,,Y,,
CAIRNHILL CREST,,,Y,,
MIRO,,,Y,,
FERNWOOD TOWERS,,,Y,,
AMARANDA GARDENS,,,Y,,
THE ABERDEEN,,,Y,,
THE TRUMPS,,,Y,,
DRAYCOTT EIGHT,,,Y,,
BALESTIER POINT,,,Y,,
VACANZA @ EAST,,,Y,,
DALVEY COURT,,,Y,,
SEVEN PALMS SENTOSA COVE,,,Y,,
THE BLOSSOMVALE,,,Y,,
THE SPECTRUM,,,Y,,
PAPILLON,,,Y,,
PALM SPRING,,,Y,,
MOUNT FABER LODGE,,,Y,,
VERDURE,,,Y,,
CUBE 8,,,Y,,
THE LINEAR,,,Y,,
RV EDGE,,,Y,,
NOVENA REGENCY,,,Y,,
TIERRA VUE,,,Y,,
TERRENE AT BUKIT TIMAH,,,Y,,
HOLLAND MEWS,,,Y,,
VILLAGE TOWER,,,Y,,
WHITEHAVEN,RL West Pte Ltd,Pasir Panjang Road,Y,,
CONCOURSE SKYLINE,,,Y,,
FLYNN PARK,,,Y,,
DUNMAN VIEW,,,Y,,
THREE THREE ROBIN,,,Y,,
ORANGE GROVE RESIDENCES,,,Y,,
OLA RESIDENCES,,,Y,,
TANGLIN VIEW,,,Y,,
THE REGENCY AT TIONG BAHRU,,,Y,,
THE PLAZA,,,Y,,
TWIN REGENCY,,,Y,,
HUME PARK I,,,Y,,
THE VUE,,,Y,,
VERTIS,,,Y,,
VIVA,,,Y,,
THE SIENA,Far East SOHO Pte Ltd,Tan Kim Cheng Road,Y,,
THE BENCOOLEN,,,Y,,
THE TREVOSE,,,Y,,
THOMSON GROVE,,,Y,,
GLENTREES,,,Y,,
THE WINDSOR,,,Y,,
BISHAN 8,,,Y,,
LINCOLN SUITES,,,Y,,
PARC IMPERIAL,,,Y,,
THOMSON 800,,,Y,,
THE ATRIA AT MEYER,,,Y,,
AURALIS,,,Y,,
D'OASIA,,,Y,,
FOOK HAI BUILDING,,,Y,,
THE NAUTICAL,Hao Yuan Investment Pte Ltd,Jalan Sendudok,Y,,
ST MICHAEL REGENCY,,,Y,,
CENTRAL GREEN CONDOMINIUM,,,Y,,
BEAUTY WORLD CENTRE,,,Y,,
LANDRIDGE CONDOMINIUM,,,Y,,
AVILA GARDENS,,,Y,,
MOUNT SOPHIA SUITES,,,Y,,
BALMORAL HILLS,,,Y,,
EASTWOOD REGENCY,,,Y,,
JADE MANSION,,,Y,,
HILLVIEW PARK,,,Y,,
THE BOTANIC ON LLOYD,,,Y,,
21 RICHARDS,,,Y,,
URBANA,,,Y,,
BLISS LOFT,,,Y,,
PRESIDIO,,,Y,,
PALMWOODS,,,Y,,
THE CLEARWATER,,,Y,,
EASTERN LAGOON,,,Y,,
PARC ELEGANCE,,,Y,,
LAKESIDE APARTMENTS,,,Y,,
LEONIE PARC VIEW,,,Y,,
GUILLEMARD EDGE,,,Y,,
REGENCY PARK,,,Y,,
MARTIN NO 38,,,Y,,
SELETAR PARK RESIDENCE,,,Y,,
PAVILION 11,,,Y,,
SOMMERVILLE GRANDEUR,,,Y,,
MERA SPRINGS,,,Y,,
THE ANSLEY,,,Y,,
SIXTH AVENUE VILLE,,,Y,,
MERA EAST,,,Y,,
THE ARCADIA,,,Y,,
RIZ HAVEN,,,Y,,
THE MERCURY,,,Y,,
CASABLANCA,,,Y,,
DUCHESS MANOR,,,Y,,
STEVENS SUITES,,,Y,,
MALVERN SPRINGS,,,Y,,
THE VERTE,,,Y,,
ASTORIA APARTMENTS,,,Y,,
SOUTHAVEN I,,,Y,,
BULLION PARK,,,Y,,
THE RIVERINE BY THE PARK,,,Y,,
DUNMAN PLACE,,,Y,,
ORCHARD BEL AIR,,,Y,,
CASA ROSA,,,Y,,
CAIRNHILL NINE,CH Commercial Pte Ltd/CH Residential Pte Ltd,Cairnhill Road,Y,,
KENTISH COURT,,,Y,,
THE LADYHILL,,,Y,,
BLU CORAL,,,Y,,
DAIRY FARM ESTATE,,,Y,,
EQUATORIAL APARTMENTS,,,Y,,
THREE BALMORAL,Priscious Pte Ltd,Balmoral Road,Y,,
SUNNY PALMS,,,Y,,
ADAM PARK CONDOMINIUM,,,Y,,
STRATFORD COURT,,,Y,,
BISHAN POINT,,,Y,,
GALLOP GABLES,,,Y,,
LANDMARK TOWER,,,Y,,
BROOKVALE PARK,,,Y,,
THE ORIENT,Aurum Land Pte Ltd,Pasir Panjang Road,,,
WATERTOWN,Emerald Star Pte Ltd/FC Retail Trustee Pte Ltd,Punggol Central,,,
FLO RESIDENCE,Publique Realty Pte Ltd,Punggol Field Walk,,,
NOTTINGHILL SUITES,,,,,
THE PATERSON EDGE,,,,,
SUITES AT BUKIT TIMAH,,,,,
PEACE CENTRE/MANSIONS,,,,,
UE SQUARE,,,,,
DERBY COURT,,,,,
MINBU COURT,,,,,
VIBES @ EAST COAST,,,,,
THE METZ,,,,,
REZI 26,Development 26 Pte Ltd,Lorong 26 Geylang,,,
THOMSON V ONE,,,,,
LIVINGSTON MANSIONS,,,,,
URBAN EDGE @ HOLLAND V,,,,,
CHERRY GARDENS,,,,,
MERAPRIME,,,,,
SUNSHINE PLAZA,,,,,
D'PAVILION,,,,,
SUNSHINE RESIDENCE,,,,,
CHERRYHILL,,,,,
THE WISTERIA,Northern Resi Pte Ltd/Northern Retail Pte Ltd,Yishun Ring Road,,,
VIIO @ BALESTIER,Techkon Commercial Pte Ltd,Balestier Road,,,
BALLOTA PARK CONDOMINIUM,,,,,
CITYSCAPE @FARRER PARK,,,,,
THE MEZZO,,,,,
OCEAN FRONT SUITES,,,,,
LUCIDA,,,,,
SERANGOON VILLE,,,,,
ST FRANCIS LODGE,,,,,
ORCHARD COURT,,,,,
HORIZON RESIDENCES,,,,,
THE INSPIRA,,,,,
CLIFTEN,,,,,
CANNE LODGE,,,,,
IRIDIUM,,,,,
LOFT@HOLLAND,,,,,
SANTA FE MANSIONS,,,,,
THE BENTLY RESIDENCES@KOVAN,Goodland Global Pte Ltd,Kovan Road,,,
MONTEBLEU,,,,,
ASCENT @ 456,Quest Homes Pte Ltd,Balestier Road,,,
HILLVIEW 128,,,,,
JIA,,,,,
THE DAIRY FARM,,,,,
D' HILLSIDE LOFT,,,,,
QUESTA @ DUNMAN,,,,,
TROPIKA EAST,Feature (East) Development Pte Ltd,Foo Kim Lin Road,,,
KENTISH GREEN,,,,,
THE VINES,,,,,
WOODGROVE CONDOMINIUM,,,,,
THE SERENADE @ HOLLAND,,,,,
SCOTTS 28,,,,,
GOLD COAST CONDOMINIUM,,,,,
CHOON KIM HOUSE,,,,,
CHANGI GREEN,,,,,
PARC SOMME,,,,,
EVELYN MANSIONS,,,,,
JEWEL OF BALMORAL,,,,,
TANGLIN PARK,,,,,
CRYSTAL LODGE,,,,,
CHANGI COURT,,,,,
MERLOT VILLE,,,,,
BLOSSOMS @ WOODLEIGH,,,,,
THE CRISTALLO,Tiong Aik Investments Pte Ltd,Lorong K Telok Kurau,,,
MENDON SPRING,,,,,
GOLD LEAF MANSIONS,,,,,
REGENT RESIDENCES,,,,,
WEMBLY RESIDENCES,,,,,
WOOLLERTON PARK,,,,,
PATERSON SUITES,,,,,
VERSILIA ON HAIG,,,,,
ARTHUR MANSIONS,,,,,
VERANDA,,,,,
PINEHURST CONDOMINIUM,,,,,
THE GRANDHILL,,,,,
ROYCE RESIDENCES,,,,,
SPOTTISWOODE 18,,,,,
SPANISH VILLAGE,,,,,
PARK RESIDENCES KOVAN,,,,,
THE CAPRI,,,,,
VENTANA,,,,,
TREASURE PLACE,,,,,
LAKESIDE TOWER,,,,,
BLEU @ EAST COAST,,,,,
WATTEN ESTATE CONDOMINIUM,,,,,
THE FORESTA @ MOUNT FABER,,,,,
THE MORNINGSIDE,,,,,
BOATHOUSE RESIDENCES,Easthouse Properties Pte Ltd,Upper Serangoon View,,,
MUTIARA VIEW,,,,,
CENTRAL VIEW,,,,,
WILKIE COURT,,,,,
FRUITION,,,,,
CITYVISTA RESIDENCES,,,,,
SKYSUITES17,,,,,
TREASURES @ G20,Treasures 20 Pte Ltd,Lorong 20 Geylang,,,
PALM OASIS,,,,,
SHAW PLAZA 0 TWIN HEIGHTS,,,,,
GRANDVIEW SUITES,Grandview (Geylang) Pte Ltd,Lorong 22 Geylang,,,
NESS,,,,,
PALAZZETTO,,,,,
JOOL SUITES,,,,,
ST PATRICK'S RESIDENCES,,,,,
LE SOMME,,,,,
COASTARINA,,,,,
LE CONNEY PARK,,,,,
KING'S ARCADE,,,,,
THE SUNNYDALE,,,,,
CARLISLE COURT,,,,,
TREASURES@G19,,,,,
THE SIXTH AVENUE RESIDENCES,,,,,
EAST SHINE,,,,,
FAMILIE MANSIONS,,,,,
KOVAN GRANDEUR,,,,,
EASTSIDE LOFT,,,,,
WING ON LIFE GARDEN,,,,,
SUNSHINE GROVE,,,,,
CALARASI,,,,,
THE MORNINGTON,,,,,
REGIS MANSIONS,,,,,
CELESTIA,,,,,
VILLA DE WEST,,,,,
SMART SUITES,,,,,
DUO RESIDENCES,Ophir-Rochor Commercial Pte Ltd/Ophir-Rochor Hotel Pte Ltd/Ophir-Rochor Residential Pte Ltd,Fraser Street,,,
RIDGE COURT,,,,,
HUME PARK II,,,,,
NOVELIS,,,,,
TEN @ SUFFOLK,,,,,
OKIO,Tiara Land Pte Ltd,Balestier Road,,,
COSTA ESTE,,,,,
KATONG VILLE,,,,,
MARTINA MANSIONS,,,,,
CANARY VILLE,,,,,
AVA TOWERS,,,,,
1 KING ALBERT PARK,,,,,
DE LENTE,,,,,
FLORA EAST,,,,,
ROSEWOOD,,,,,
ONE TREE HILL MANSIONS,,,,,
THE PETALS,,,,,
THE AMBRA,,,,,
TROPICAL SPRING,,,,,
HILLVIEW RESIDENCE,,,,,
SUITES DE LAUREL,,,,,
18 WOODSVILLE,,,,,
KILAT CENTRE,,,,,
THE AMARELLE,,,,,
VILLA DELLE ROSE,,,,,
LUMA,,,,,
TWENTYONE ANGULLIA PARK,,,,,
PRIMEDGE,,,,,
THE PROMENADE@PELIKAT,Oxley Vibes Pte Ltd,Jalan Pelikat,,,
CASA AERATA,,,,,
SUITES @ GUILLEMARD,,,,,
FORTUNE PARK,,,,,
EVERITT EDGE,Wenul Development Pte Ltd,Joo Chiat Place,,,
RESIDENCES @ JANSEN,,,,,
THE PEARL @ MOUNT FABER,,,,,
ONE EIGHTIES RESIDENCES,Santa Land Pte Ltd,Joo Chiat Terrace,,,
SUNFLOWER RESIDENCE,,,,,
MULBERRY TREE,,,,,
FOREST HILLS CONDOMINIUM,,,,,
CENTRA HEIGHTS,,,,,
ONE DUCHESS,Rejency Holdings Pte Ltd,Duchess Road,,,
SUNSHINE LODGE,,,,,
PALM GROVE CONDOMINIUM,,,,,
RITZ @ FARRER,ONE42 Pte Ltd,Race Course Road,,,
MODA,,,,,
MACKENZIE 88,,,,,
MELROSE PARK,,,,,
THE SPINNAKER,,,,,
GOLDEN HEIGHTS,,,,,
NATHAN SUITES,,,,,
GUILLEMARD SUITES,MK25 Pte Ltd,Guillemard Road,,,
GRANGE HEIGHTS,,,,,
SILVERSCAPE,,,,,
TOH TUCK LODGE,,,,,
JUPITER 18,,,,,
D'SUNRISE,,,,,
WATERFORD RESIDENCE,,,,,
NOVENA COURT,,,,,
KENTISH LODGE,,,,,
LA CRYSTAL,,,,,
CAVAN SUITES,,,,,
KOVAN APARTMENTS,,,,,
THE LIGHT @ CAIRNHILL,,,,,
GEM RESIDENCES,GEM Homes Pte Ltd,Lorong 5 Toa Payoh,,,
YONG SIAK VIEW,,,,,
FLAME TREE PARK,,,,,
AVALON,,,,,
SYCAMORE TREE,Astoria Development Pte Ltd,Fowlie Road,,,
BUTTERWORTH 33,,,,,
UNITED MANSION,,,,,
VILLE ROYALE,,,,,
CROWN CENTRE,,,,,
SUITES @ KOVAN,,,,,
HIJAUAN,,,,,
SPRING @ KATONG,,,,,
SUITES@ KATONG,,,,,
NOVENA HILL,,,,,
NEPTUNE COURT,,,,,
MORO MANSIONS,,,,,
38 I SUITES,,,,,
JANSEN SPRING,,,,,
GRAND CHATEAU,,,,,
BOON TECK TOWERS,,,,,
JAYA TOWERS,,,,,
ST THOMAS VILLE,,,,,
LIV ON WILKIE,RH Rochor Pte Ltd,Wilkie Terrace,,,
PEARL BANK APARTMENT,,,,,
ROSEVALE,,,,,
ISUITES @ PALM,,,,,
HONG HENG MANSIONS,,,,,
THE CORNWALL,,,,,
THE NCLAVE,,,,,
TIVOLI GRANDE,,,,,
AMANINDA,,,,,
LE M RESIDENCE,,,,,
FRAGRANT GARDENS,,,,,
MANDALAY MANSION,,,,,
THE OLD HOUSE,,,,,
KISMIS COURT,,,,,
THE TREELINE,,,,,
HILLTOP GROVE,,,,,
RIVERBAY,,,,,
OXFORD SUITES,,,,,
HAIG ELEVEN,,,,,
SIMS EDGE,Macly Equity Pte Ltd,Geylang East Avenue 2,,,
GOLDHILL TOWERS,,,,,
THE VESTA,,,,,
TURQUOISE,,,,,
LA FLEUR,,,,,
MOUNTBATTEN LODGE,,,,,
WINDY HEIGHTS,,,,,
LEICESTER SUITES,,,,,
THE ARRIS,,,,,
THE JADE,,,,,
833 M B RESIDENCES,,,,,
ROSE MAISON,,,,,
FERNHILL COURT,,,,,
KALLANG RIVERSIDE,The Singapore-Johore Express Pte Ltd,Kampong Bugis,,,
NOVENA SUITES,,,,,
SUNNYVALE RESIDENCES,RH East Coast Pte Ltd,Lorong K Telok Kurau,,,
ECHELON,Freshview Developments Pte Ltd,Alexandra View,,,
THE RITZ0CARLTON RESIDENCES SINGAPORE CAIRNHILL,,,,,
DUNMAN REGENCY,GHC Land Pte Ltd,Dunman Road,,,
CAVENAGH GARDENS,,,,,
VENEZIO,,,,,
NATURE MANSIONS,,,,,
HOUGANG GREEN,,,,,
SANCTUARY @ 813,,,,,
KEMAMAN POINT,,,,,
PACIFIC MANSION,,,,,
HIGH POINT,,,,,
HUA XIN COURT,,,,,
EASTWOOD CENTRE,,,,,
THE ALCOVE,,,,,
MELOSA,,,,,
# 1 LOFT,The One Development 2 Pte Ltd,Lorong 24 Geylang,,,
KENG LEE COURT,,,,,
MACKENZIE REGENCY,,,,,
HIGH OAK CONDOMINIUM,,,,,
LAGUNA 88,,,,,
THE BALMORAL,,,,,
183 LONGHAUS,TEE Ventures Pte Ltd,Upper Thomson Road,,,
PATERSON RESIDENCE,,,,,
STUDIOS@TEMBELING,,,,,
D'BANYAN,,,,,
HILBRE28,Development 72 Pte Ltd,Hillside Drive,,,
THE COTZ,,,,,
BALMORAL CREST,,,,,
DE PARADISO,,,,,
VICTORY HEIGHTS,,,,,
EMERY POINT,,,,,
MURANO,,,,,
GALLERY FIFTEEN,,,,,
MOONSTONE VIEW,,,,,
DAWN VILLE,,,,,
GLOUCESTER MANSIONS,,,,,
THE YARDLEY,,,,,
KENTVIEW PARK,,,,,
8 FARRER SUITES,Richcapital Pte Ltd,Sing Joo Walk,,,
LE NOUVEL ARDMORE,,,,,
LUTHERAN TOWERS,,,,,
HAWAII TOWER,,,,,
LUMIERE,,,,,
LAUREL TREE,Lerida Pte Ltd,Hillview Terrace,,,
THE TROPIC GARDENS,,,,,
CARDIFF RESIDENCE,,,,,
OLINA LODGE,,,,,
OLEANAS RESIDENCE,,,,,
VILLA MARTIA,,,,,
LOFT @ NATHAN,,,,,
CASA PASIR RIS,,,,,
ROBERTSON EDGE,,,,,
STUDIO 3,,,,,
NICON GARDENS,,,,,
THE HERMITAGE,,,,,
ST MICHAEL'S PLACE,,,,,
POLLEN & BLEU,Singland Development (Farrer Drive) Pte Ltd,Farrer Drive,,,
SUNFLOWER COURT,,,,,
THE ESPIRA,,,,,
CASA CONTENDERE,,,,,
SUNSHINE GRANDEUR,,,,,
RIVERIA GARDENS,,,,,
THE ABODE AT DEVONSHIRE,,,,,
26 NEWTON,Novelty Corp Pte Ltd,Newton Road,,,
CLYDESVIEW,,,,,
ST FRANCIS COURT,,,,,
PRISTINE HEIGHTS,,,,,
CENTURY MANSIONS,,,,,
CANNAVILLE,,,,,
THE DAFFODIL,,,,,
BRISTOL LODGE,,,,,
THE CALLISTA,,,,,
RIO CASA,,,,,
EAST VIEW 18,,,,,
THE TIER,,,,,
PATERSON LINC,,,,,
JUBILEE RESIDENCE,,,,,
THE ELEMENT @ STEVENS,,,,,
SHELFORD REGENCY,,,,,
AQUARINE GARDENS,,,,,
RHAPSODY ON MOUNT ELIZABETH,,,,,
CASA RIVIERA,,,,,
ASPEN LOFT,,,,,
THE MONTAGE,,,,,
TRESALVEO,,,,,
CITY EDGE,,,,,
PARC SOPHIA,,,,,
WILKIE APARTMENTS,,,,,
YUEN SING MANSION,,,,,
KELLOCK LODGE,,,,,
MARYMOUNT VIEW,,,,,
SEA AVENUE MANSIONS,,,,,
THE ARC AT DRAYCOTT,,,,,
SELANTING GREEN,,,,,
ISUITES @ TANI,,,,,
JLB RESIDENCES,,,,,
EAST SIGNATURE,,,,,
PLATINUM EDGE,,,,,
SILAHIS APARTMENT,,,,,
LEONIE TOWERS,,,,,
BALCON EAST,,,,,
LEVENUE,Macly Pte Ltd,Lengkong Empat,,,
VILLAS LAGUNA,,,,,
PARC BLEU,,,,,
LEONIE SUITES,,,,,
THE SILVER FIR,,,,,
ARTHUR 118,,,,,
CHANTILLY RISE,,,,,
THE BLISS,,,,,
NADIA MANSIONS,,,,,
GRANGE INFINITE,,,,,
FAIRLODGE,,,,,
THE HOLLAND COLLECTION,,,,,
VOGX,,,,,
CENTRA STUDIOS,,,,,
COASTAL BREEZE RESIDENCES,,,,,
CELADON VIEW,,,,,
THE PROMINENCE,,,,,
RANGOON 88,,,,,
EDEN CREST,,,,,
HOLLANDSWOOD COURT,,,,,
FERN LODGE,,,,,
PRIME RESIDENCE,,,,,
ROCCA BALESTIER,,,,,
ST MARTIN RESIDENCE,,,,,
PALM MANSIONS,,,,,
SERAYA 9,,,,,
BEAVERTON COURT,,,,,
DE CENTURION,,,,,
TESSA LODGE,,,,,
11 AMBER ROAD,,,,,
KOVAN LODGE,,,,,
CHEN FANG MANSIONS,,,,,
SERENITY BREEZE,,,,,
THE EBONY,Bravo Building Construction Pte Ltd,Lorong Marican,,,
SIGNATURE RESIDENCE,,,,,
RITZ MANSIONS,,,,,
THE BEAUMONT,,,,,
ATTITUDE AT KIM YAM,,,,,
CHELSEA LODGE,,,,,
CHATELET,,,,,
MONTEREY PARK CONDOMINIUM,,,,,
SOHO @ FARRER,,,,,
NATURALIS,,,,,
CLAREMONT,,,,,
SOHO 188,,,,,
RIVIERA POINT,,,,,
CRAIG PLACE,,,,,
YELEY BUILDING,,,,,
PALMERA RESIDENCE,,,,,
KASTURINA LODGE,,,,,
NOUVELLE PARK,,,,,
CRYSTAL HEIGHTS,,,,,
ALEGRIA,,,,,
ESTA RUBY,,,,,
STRATUM,Elitist Development Pte Ltd,Elias Road,,,
D' CASITA,,,,,
THE MERLOT,,,,,
BASSEIN COURT,,,,,
VILLA AZURA,,,,,
MERIDIAN 38,JVA Telok Kurau Pte Ltd,Lorong M Telok Kurau,,,
JUNIPER AT ARDMORE,,,,,
NEWEST,Oxley Viva Pte Ltd,West Coast Drive,,,
THE PARK VALE,,,,,
CHARLESTON,,,,,
BEDOK SHOPPING COMPLEX,,,,,
AVON PARK,,,,,
THE SUNSHINE,,,,,
THE WATER EDGE,,,,,
16 @ AMBER,,,,,
SUITES @ EUNOS,,,,,
BIJOU,JU-I Properties Pte Ltd,Jalan Mat Jambol,,,
SUTTON PLACE,,,,,
VILLAGE @ PASIR PANJANG,Champsworth Development Pte Ltd,Pasir Panjang Road,,,
EAST BAY GARDENS,,,,,
SKYLINE @ ORCHARD BOULEVARD,Tanglin View Pte Ltd,Angullia Park,,,
LANGSTON VILLE,,,,,
CASSIA VIEW,,,,,
TEMBELING CENTRE,,,,,
URBAN LOFTS,,,,,
RESIDENCES BOTANIQUE,,,,,
CENTRAL IMPERIAL,G28 Development Pte Ltd,Lorong 14 Geylang,,,
BISHAN PARK CONDOMINIUM,,,,,
PALM GREEN,,,,,
WATERSCAPE AT CAVENAGH,,,,,
NAUNG RESIDENCE,Orion-Two Residential Pte Ltd,Jalan Naung,,,
KENSINGTON PARK CONDOMINIUM,,,,,
MANDALAY TOWERS,,,,,
SAPPHIRE COURT,,,,,
PARK VIEW MANSION,,,,,
CARMI MANSIONS,,,,,
CASA SARINA,,,,,
STURDEE VIEW,,,,,
CHANGI GARDEN,,,,,
CASA NOVACREST,,,,,
MAYFAIR RESIDENCES,Giorgio Residences Pte Ltd,East Coast Road,,,
KEMBANGAN SUITES,,,,,
THE GRANDIFLORA,,,,,
PALM VISTA,,,,,
REGAL COURT,,,,,
JERVOIS JADE APARTMENTS,,,,,
BLISS RESIDENCES,,,,,
KIM SIA COURT,,,,,
LA VILLE,,,,,
THE OXLEY,,,,,
RV SUITES,,,,,
GUILIN MANSIONS,,,,,
ELIZABETH TOWER,,,,,
MOONSTONE RESIDENCES,,,,,
THE LATTIZ,,,,,
WHARTON VALE,,,,,
URBAN RESORT CONDOMINIUM,,,,,
PALM LODGE,,,,,
THE HELICONIA,,,,,
REGENCY SUITES,,,,,
PARC STEVENS,,,,,
LE WOOD,,,,,
LA MEYER,,,,,
JANSEN MANSIONS,,,,,
EURO0ASIA PARK,,,,,
ALESSANDREA,,,,,
DEVONSHIRE 12,U-Asia Pte Ltd,Devonshire Road,,,
DAISY LODGE,,,,,
THE RICHMOND,,,,,
SPOTTISWOODE PARK,,,,,
PARK COURT,,,,,
EASTVILLE APARTMENTS,,,,,
ALPHA APARTMENTS,,,,,
BAGNALL COURT,,,,,
SUITES @ AMBER,,,,,
BENDIGO GARDENS,,,,,
STUDIO8,,,,,
CRESCENDO PARK,,,,,
CRADELS,,,,,
CHAPEL LODGE,,,,,
KIM KEAT HOUSE,,,,,
SUITES @ EASTCOAST,,,,,
STUDIOS @ MARNE,Vyco Pte Ltd,Marne Road,,,
LIMAU PARK,,,,,
OVADA 8,,,,,
ROBIN REGALIA,,,,,
SUITES@BRADDELL,,,,,
TORIEVIEW MANSIONS,,,,,
SUNNY GROVE,,,,,
TEMBELING MANSIONS,,,,,
KHEAM HOCK GARDENS,,,,,
STILL MANSIONS,,,,,
UP@ROBERTSON QUAY,NewVista Realty Pte Ltd/Novel Developments Pte Ltd,Robertson Quay,,,
INTERO,,,,,
HERITAGE EAST,,,,,
PAYA LEBAR RESIDENCES,,,,,
CENTRA LOFT,,,,,
SHELFORD MANSIONS,,,,,
GLASGOW RESIDENCE,,,,,
CARLYX RESIDENCE,,,,,
RESIDENCES @ SOMME,,,,,
SEVEN HOLT ROAD,,,,,
CADENCE LIGHT,,,,,
CAMELLIA LODGE,,,,,
VENTUNO BALMORAL,,,,,
EDEN RESIDENCES CAPITOL,Capitol Hotel Management Pte Ltd/Capitol Residential Development Pte Ltd/Capitol Retail Management Pte Ltd,Stamford Road,,,
SEAVIEW POINT,,,,,
CORONATION SHOPPING PLAZA,,,,,
THE SUNNIFLORA,,,,,
WATERCREST,,,,,
CORONATION ARCADE,,,,,
CLYDESWOOD,,,,,
HARBOUR SUITES,,,,,
ROYALVILLE,,,,,
ISUITES @ MARSHALL,,,,,
MONARCHY APARTMENTS,,,,,
BUONA VISTA GARDENS,,,,,
THE BALMORAL SPRING,,,,,
QUINTERRA,,,,,
FONTANA HEIGHTS,,,,,
CASERO @ DUNMAN,,,,,
GIDEON'S LODGE,,,,,
SPRING GARDENS,,,,,
LE CRESCENDO,,,,,
HIGHLAND CENTRE,,,,,
PARC ASTON,,,,,
ROYAL COURT,,,,,
ONE ST MICHAEL'S,,,,,
SUNFLOWER LODGE,,,,,
SKYPARK,,,,,
RANGOON APARTMENTS,,,,,
BELLA CASITA,,,,,
HAIG 162,,,,,
LE HILL CONDOMINIUM,,,,,
MONTROSA,,,,,
ISLAND VIEW,,,,,
BUTTERWORTH VIEW,,,,,
QUEENSBERRY LODGE,,,,,
STADIA,,,Y,,
MINT RESIDENCES @ JANSEN,,,Y,,
GARDEN APARTMENT,,,Y,,
THE GRANGE,,,Y,,
THE MARQ ON PATERSON HILL,,,Y,,
CENTREPOINT,,,Y,,
THE FLORENTINE,,,Y,,
CHESTNUT VILLE,,,Y,,
BIRMINGHAM MANSIONS,,,Y,,
PARC SEABREEZE,,,Y,,
THE MONTANA,,,Y,,
SEASCAPE,,,Y,,
BUONA LODGE,,,Y,,
THE LENOX,,,Y,,
TULIP GARDEN,,,Y,,
GRAND REGENCY,,,Y,,
PARC MACKENZIE,,,Y,,
CARLYX GREEN,,,Y,,
BLUWATERS,,,Y,,
THE CENTRIO,,,Y,,
THE VIRIDIAN,Orion-One Residential Pte Ltd,Jalan Ampas,Y,,
THE LANAI,,,Y,,
ONE BALMORAL,Hong Leong Holdings Ltd,Balmoral Road,Y,,
PARC CENTENNIAL,,,Y,,
GRANDLINK SQUARE,,,Y,,
URBAN VISTA,Bayfront Realty Pte Ltd,Tanah Merah Kechil Link,Y,,
THE RED HOUSE,WRH Pte Ltd,East Coast Road,Y,,
D'GROVE VILLAS,,,Y,,
ROXY SQUARE,,,Y,,
NASSIM MANSION,,,Y,,
D' FRESCO,,,Y,,
THE CAPE,,,Y,,
CASCADALE,,,Y,,
THE 101,,,Y,,
BUCKLEY CLASSIQUE,,,Y,,
MOUNTBATTEN SUITES,,,Y,,
NORMANTON PARK,,,Y,,
EWE BOON REGENT,,,Y,,
REIGNWOOD HAMILTON SCOTTS,,,Y,,
LEONIE GARDENS,,,Y,,
THE TRESOR,,,Y,,
FIORENZA,,,Y,,
IDYLLIC EAST,,,Y,,
BELLA VISTA,,,Y,,
THE GLACIER,,,Y,,
ZEDGE,,,Y,,
ORCHARD TOWERS,,,Y,,
EUNOS PARK,,,Y,,
SCENIC HEIGHTS,,,Y,,
THE SCOTTS TOWER,Far East Success Development Pte Ltd/Whitewater Properties Pte Ltd,Scotts Road,,,
BEAUTY WORLD PLAZA,,,,,
BLUWATERS 2,,,,,
THE LEGEND,,,,,
BLISS@KOVAN,BBR Kovan Pte Ltd,Simon Lane,,,
HAIG RESIDENCES,,,,,
DENG FU VILLE,,,,,
SAM KIANG MANSIONS,,,,,
DEVONSHIRE RESIDENCES,Orchard Suites Residence Pte Ltd,Devonshire Road,,,
CRYSTAL DEW,,,,,
THE CARPMAELINA,,,,,
LOFT @ RANGOON,,,,,
BALESTIER PLAZA,,,,,
TYRWHITT 139,,,,,
MIN YUAN,,,,,
KINGS APARTMENTS,,,,,
THE CENTREN,Pinnacle Development (L27) Pte Ltd,Lorong 27 Geylang,,,
PUBLIC MANSION,,,,,
DORMER PARK,,,,,
ASTON MANSIONS,,,,,
JOO CHIAT MANSIONS,,,,,
CHARMING GARDEN,,,,,
SHELFORD VIEW,,,,,
THE VIEW @ MEYER,,,,,
SUN PLAZA,,,,,
TRENDALE TOWER,,,,,
RIO GARDENS,,,,,
THE VERV @ RV,,,,,
CASHEW PARK CONDOMINIUM,,,,,
RACE COURSE 138,,,,,
BUCKLEY 18,,,,,
THE SUNNY LEGEND,,,,,
EURO0ASIA COURT,,,,,
CITY STUDIOS,,,,,
SPACE @ KOVAN,RP North Pte Ltd/RP Properties Pte Ltd/Roxy-Pacific Developments Pte Ltd,Yio Chu Kang Road,,,
TOWNHOUSE APARTMENTS,,,,,
COUNTRY ESQUIRE,,,,,
CHANCERY PARK,,,,,
TEMBELING GROVE,,,,,
PROSPERO VILLE,,,,,
SERAYA BREEZE,,,,,
THE AXIS,,,,,
PARC HAVEN,,,,,
KELLETT COURT,,,,,
COASTAL VIEW RESIDENCES,,,,,
KOVAN ESQUIRE,,,,,
M66,,,,,
THE HACIENDA,,,,,
WING FONG MANSIONS,,,,,
VANADIUM,,,,,
PRIMO RESIDENCES,,,,,
CASCATA,,,,,
RIVER VALLEY APARTMENTS,,,,,
THE MIDAS,,,,,
NIVEN LOFT,,,,,
GOODVIEW APARTMENTS,,,,,
TROPICANA CONDOMINIUM,,,,,
GRAND RESIDENCE,,,,,
CHANCERY ESQUIRE,,,,,
TELOK BLANGAH HOUSE,,,,,
SHIRO,,,,,
GILSTEAD 38,,,,,
IDYLLIC SUITES,,,,,
LE REGAL,,,,,
CAMELODGE,,,,,
ORION,,,,,
CALIN MANSIONS,,,,,
PRESTIGE LOFT,,,,,
CRESCENDO BUILDING,,,,,
D0MANSIONS,,,,,
THE ARMADALE,,,,,
MELROSE VILLE,,,,,
BALMORAL GATE,,,,,
CORONA VILLE,,,,,
J GATEWAY,MCL Land (Gateway) Pte Ltd,Gateway Drive,,,
NOVA 88,,,,,
GRAND REGALIA,,,,,
MARTIA RESIDENCE,,,,,
CITYVALE,,,,,
THONG SIA BUILDING,,,,,
COSMO,,,,,
CENTRA RESIDENCE,,,,,
ESTILO,,,,,
KOVAN 81,,,,,
TREASURE MANSIONS,,,,,
WOO MON CHEW COURT,,,,,
KIM KEAT LODGE,,,,,
EASTWOOD LODGE,,,,,
EVER LODGE,,,,,
THE BEACON EDGE,,,,,
JC RESIDENCE,,,,,
GLOBAL VILLE,,,,,
SKYLINE 360 @ SAINT THOMAS WALK,,,,,
8 RAJA,,,,,
PIN MANSIONS,,,,,
CAMELOT BY0THE0WATER,,,,,
THE LINC,,,,,
EAST MEWS,,,,,
BALMORAL HEIGHTS,,,,,
NEWTON LODGE,,,,,
TEMBELING COURT,,,,,
THOMSON IMPERIAL COURT,,,,,
WATERLOO APARTMENTS,,,,,
LA DOLCE VITA,,,,,
ROSE VILLE,,,,,
EAST ELEGANCE,,,,,
ONE AKYAB,,,,,
SUITES @ SIMS,,,,,
BAYOU RESIDENCE,,,,,
2 RVG,,,,,
ILLUMINAIRE ON DEVONSHIRE,,,,,
EUNOS GREEN,,,,,
CASA FLORA,,,,,
M5,TTH Development Pte Ltd,Jalan Mutiara,,,
VILLA CHANCERY,,,,,
PEPYS HILL CONDOMINIUM,,,,,
MARINE VILLE,,,,,
TANQUEELAN SUITES,,,,,
3@SANDILANDS,,,,,
EAST PALM,,,,,
STRAITS RESIDENCES,,,,,
BALMORAL 8,,,,,
CASA ESPERANZA,,,,,
CHELSEA GROVE,,,,,
SHANGHAI ONE,,,,,
MIDTOWN RESIDENCES,Oxley-Lian Beng Pte Ltd,Upper Serangoon Road,,,
SUNSHINE REGENCY,,,,,
CASTLE LOFT,,,,,
EDENZ SUITES,Admin Holdings Pte Ltd,Lorong 28 Geylang,,,
LEITH GROVE,,,,,
VIBES@UPPER SERANGOON,Oxley Global Pte Ltd,Upper Serangoon Road,,,
MINBU VILLA,,,,,
THE CITRON RESIDENCES,Goodland Assets Pte Ltd,Marne Road,,,
MABELLE,,,,,
DELIGHT COURT,,,,,
SUITES @ SURREY,,,,,
WILLYN VILLE,,,,,
ROSYTH VILLE,,,,,
D'HIRO@HILLSIDE,,,,,
BOTANIKA,,,,,
ST PATRICK'S LOFT,,,,,
SHEBA LODGE,,,,,
RESIDENCES AT EMERALD HILL,,,,,
CRYSTAL MANSIONS,,,,,
THE BECCAGAYLE,,,,,
EVERITT GREEN,,,,,
EMILY RESIDENCE,,,,,
SEA AVENUE RESIDENCES,,,,,
ONE ROSYTH,Mushrooms Realty Pte Ltd,Rosyth Road,,,
CITY TOWERS,,,,,
THE OCTET,Osmo Capital Pte Ltd,Lorong 24 Geylang,,,
EURO0ASIA APARTMENTS,,,,,
SKT MANSIONS,,,,,
SIGLAP V,,,,,
MEYER MELODIA,Cang Properties Pte Ltd,Meyer Place,,,
RISING COURT,,,,,
SHUNFU VILLE,,,,,
SUNSHINE MANSIONS,,,,,
VETRO,,,,,
LOFT @ STEVENS,,,,,
SUITES @ NEWTON,Giant Land Pte Ltd,Surrey Road,,,
PASIR VIEW PARK,,,,,
PAVILION SQUARE,Pollux Treasures Pte Ltd,Geylang Road,,,
ST MICHAEL'S CONDOMINIUM,,,,,
SIMS MEADOWS,,,,,
MARINE VIEW MANSIONS,,,,,
PENG'S COURT,,,,,
AURA 83,Development 83 Pte Ltd,Duku Road,,,
MARINE MEADOWS,,,,,
GARDEN PARK RESIDENCES,Boulevard Residences Pte Ltd,Lorong M Telok Kurau,,,
PINNACLE 16,,,,,
FIRST POINT SUITES,,,,,
8 EDEN GROVE,,,,,
CASA AROMA,,,,,
THE RESIDENCES AT W SINGAPORE SENTOSA COVE,,,,,
BOONVIEW,,,,,
ESPIRA SUITES,,,,,
ICON @ PASIR PANJANG,,,,,
SOPHIA 98,,,,,
KENG LEE VIEW,,,,,
DYNASTY LODGE,,,,,
CASSIA EDGE,Macly Equity Pte Ltd,Guillemard Road,,,
THE LUSH,,,,,
LLOYD SIXTYFIVE,TG (2010) Pte Ltd,Lloyd Road,,,
EAST GALLERIA,,,,,
RIVIERA 38,,,,,
TAIPAN GRAND,,,,,
RV POINT,Galaxy Land Pte Ltd,River Valley Road,,,
THE ELYSIA,,,,,
LA MAISON,,,,,
DOMUS,,,Y,,
BALMORAL RESIDENCES,,,Y,,
ONZE @ TANJONG PAGAR,Heeton Holdings Ltd,Kee Seng Street,Y,,
UBER 388,,,Y,,
D' ALMIRA,,,Y,,
LIBERTE,,,Y,,
EMERALD EAST,,,Y,,
LUXE VILLE,,,Y,,
THE ALBRACCA,,,Y,,
TIONG BAHRU ESTATE,,,Y,,
SUMMER SCENT,,,Y,,
THE AZZURO,,,Y,,
RICH EAST GARDEN,,,Y,,
FRASER SUITES,,,Y,,
D' CASTILIA,,,Y,,
MILL POINT,,,Y,,
GILSTEAD TWO,,,Y,,
SUNNY LODGE,,,Y,,
THE ESTORIL,,,Y,,
ONE ROBIN,,,Y,,
DERBYSHIRE HEIGHTS,,,Y,,
POMEX COURT,,,Y,,
KILLINEY 118,Creslin Pte Ltd,Killiney Road,Y,,
ESPIRA SPRING,,,Y,,
BERKELEY RESIDENCES,Bvlgari Park Residences Pte Ltd,Lorong N Telok Kurau,Y,,
THE AMBROSIA,,,Y,,
EDENZ LOFT,A Development Pte Ltd,Lorong 24 Geylang,Y,,
BELLERIVE,,,Y,,
NOMU,,,Y,,
STEVENS LOFT,,,Y,,
D'EVELYN,,,Y,,
VINA LODGE,,,Y,,
CANTIZ @ RAMBAI,,,Y,,
RESIDENCE 66,,,Y,,
KOVANA,,,Y,,
RIVERSIDE 48,,,,,
FINLAND GARDENS,,,,,
CAIRNHILL ASTORIA,,,,,
BLISS VILLE,,,,,
SIGLAP LODGE,,,,,
BALMY COURT,,,,,
SMAILING COURT,,,,,
VITRA,,,,,
NEW COURT,,,,,
THE BAYCOURT,,,,,
SUITES 28,,,,,
CHUN TIN COURT,,,,,
TAIPAN JADE,,,,,
STILL 123,,,,,
BAODE BUILDING,,,,,
WALLICH RESIDENCE AT TANJONG PAGAR CENTRE,Belmeth Pte Ltd/Guston Pte Ltd/Perfect Eagle Pte Ltd,Wallich Street,,,
HOMEY GARDENS,,,,,
SIMON PLAZA,,,,,
RIVERSHIRE,,,,,
ONE @ PULASAN,,,,,
THE PEAK @ CAIRNHILL I,,,,,
LOFT 33,Macly Equity Pte Ltd,Lorong 32 Geylang,,,
LA BRISA,,,,,
STELLAR RV,,,,,
WILKIE 87,,,,,
PALM HAVEN,,,,,
SUMMER VIEW,,,,,
DAISY SUITES,,,,,
ESPIRA RESIDENCE,,,,,
EDEN VIEW,,,,,
TOPAZ MANSIONS,,,,,
BALESTIER TOWERS,,,,,
NOVENA LODGE,,,,,
ROYALE MANSIONS,,,,,
HOLLAND TOWER,,,,,
MOULMEIN COURT,,,,,
TORIEVILLE,,,,,
D 0 HERITAGE APARTMENTS,,,,,
WHITE HOUSE RESIDENCES,,,,,
HERTFORD COLLECTION,,,,,
VIVACE,,,,,
QUBE SUITES,,,,,
MAR THOMA MANSIONS,,,,,
OPAL SUITES,,,,,
IVORY,,,,,
MERGUI MANSIONS,,,,,
K0LODGE,,,,,
SUNFLOWER VIEW,,,,,
THE BAYRON,,,,,
PRESTIGE POINT,,,,,
THE SCENIC @ BRADDELL,,,,,
THE PALLADIUM,,,,,
THE ESTIVA,,,,,
LEICESTER LODGE,,,,,
THE HILLFORD,World Class Developments (North) Pte Ltd,Jalan Jurong Kechil,,,
THE RIVERSIDE PIAZZA,,,,,
THE ARIEL,,,,,
DONG LONG MANSION,,,,,
CAMBIO SUITES,Urban Lofts Pte Ltd,Lim Tua Tow Road,,,
LA NOUVELLE,,,,,
CENTRO MANSIONS,,,,,
ROBINSON SUITES,50 Robinson Pte Ltd,Robinson Road,,,
MONVILLE MANSIONS,,,,,
KNOX VIEW,,,,,
STILLZ RESIDENCE,,,,,
ONEROBEY,,,,,
KENSINGTON SQUARE,Kensington Village Pte Ltd,Jalan Lokam,,,
AQUENE,,,,,
LE MERRITT,,,,,
SPRING @ LANGSAT,,,,,
CASA JERVOIS,,,,,
CASA EMERALD,,,,,
SHAN GATE APARTMENTS,,,,,
KEMBANGAN COURT,,,,,
SOMMERVILLE LOFT,,,,,
HOLLAND COURT,,,,,
CORONATION GROVE,,,,,
THE LEGACY,,,,,
THE CHERRYWOOD,,,,,
THE CASSANDRA,,,,,
OXLEY EDGE,Oxley Mosaic Pte Ltd,River Valley Road,,,
THE CALYPSO,,,,,
THE SPRINGS,,,,,
HOLLAND SUITES,,,,,
RAJAH TOWERS,,,,,
TORIE MANSIONS,,,,,
TEMBELING RESIDENCE,,,,,
FORTUNE SPRING,,,,,
CAMBRIDGE VILLAGE,,,,,
JERVOIS GROVE,,,,,
JERVOIS REGENCY,,,,,
THREE 11,Aurum Land Pte Ltd,Upper Thomson Road,,,
VIBES @ KOVAN,,,,,
SHAN COURT,,,,,
NEWTON IMPERIAL,,,,,
MAYBELLE LODGE,,,,,
ROSYTH LODGE,,,,,
THE ADARA,,,,,
HOLLAND HILL LODGE,,,,,
LUCKY COURT,,,,,
EASTBAY,,,,,
SETIA RESIDENCES,,,,,
KAP RESIDENCES,Oxley Sanctuary Pte Ltd,King Albert Park,,,
BALESTIER REGENCY,,,,,
VA RESIDENCES,Wang Yang Development Pte Ltd,Boon Teck Road,,,
1919,,,,,
EBONY MANSIONS,,,,,
LEONIE HILL RESIDENCES,,,,,
CITY SUITES,Corporate Residence Pte Ltd,Balestier Road,,,
URBAN RESIDENCES,,,,,
SUITES @ OWEN,,,,,
KIM KEAT GARDENS,,,,,
28 SHELFORD,,,,,
57 @ KOVAN,,,,,
R66 APARTMENTS,,,,,
SINGA COURT,,,,,
LIV ON SOPHIA,RH Mount Sophia Pte Ltd,Adis Road,,,
KENT RESIDENCES,,,,,
HILLVIEW APARTMENTS,,,,,
THE SERENNO,Vicland Realty Co Pte Ltd,Haig Road,,,
D'GALLERY,,,,,
BELMONDO VIEW,,,,,
THE ARIZON,,,,,
SUITES 123,,,,,
BLISS REGALIA,,,,,
NATURA@HILLVIEW,Mequity (Hillview) Pte Ltd,Hillview Terrace,,,
SEMBAWANG COTTAGE,,,,,
THE SUNNIDORA,,,,,
D'ZIRE,,,,,
THE MORNING GLORY,,,,,
ESTIQUE,,,,,
COSY LODGE,,,,,
EASTWIND MANSIONS,,,,,
MINTON COURT,,,,,
SIGLAP SHOPPING CENTRE,,,,,
NICOLE GREEN,,,,,
HEJI GARDENS,,,,,
D'MIRA,,,,,
D' IXORAS,,,,,
BOON TECK APARTMENTS,,,,,
THE AMSTON,,,,,
THE BOULEVARD RESIDENCE,,,,,
FERRA,Far East Lighthouse Pte Ltd/Orchard Landmark Pte Ltd,Leonie Hill,,,
RACE COURSE MANSION,,,,,
SUNNYVALE APARTMENTS,,,,,
CENTRINA,,,,,
WEST0N,,,,,
CANBERLIN LODGE,,,,,
CASA IRRAWADDY,,,,,
BUCKLEY RESIDENCE,,,,,
CLYDES RESIDENCE,,,,,
MEYA LODGE,,,,,
HARMONY @ 1A,,,,,
SPAZIO @ KOVAN,Spazio Land Pte Ltd,Upper Serangoon Road,,,
G RESIDENCES,South Island LG Pte Ltd,Lorong G Telok Kurau,,,
CHATEAU LE FAME,,,,,
SUNNY PARC,,,,,
GLAMOUR VILLE,,,,,
LITTLE INDIA CONSERVATION AREA,,,,,
WAN THO LODGE,,,,,
GUILIN COURT,,,,,
D'CAMBRIDGE,,,,,
THE PEAK,,,Y,,
SAGE,,,Y,,
DELFI ORCHARD,,,Y,,
SANDY PALM,,,Y,,
THE SOUND,,,Y,,
JALAN BESAR PLAZA,,,Y,,
HOLLAND HILL PARK,,,Y,,
KEMBANGAN PLAZA,,,Y,,
THE HORIZON,,,Y,,
SECOND AVENUE JUNCTION,,,,,
SEASUITES,Link (THM) Greenleaf Pte Ltd,Pasir Panjang Road,,,
MACKENZIE 138,,,,,
SULTAN GATE PLACE,,,,,
BALMORAL POINT,,,,,
CANDEVILLE,,,,,
TREASURE GARDENS,,,,,
DUNEARN LODGE,,,,,
CHARLTON CORNER,,,,,
MAKEWAY VIEW,,,,,
HAPPY MANSION,,,,,
HERITAGE RESIDENCES,,,,,
FUYUEN COURT,,,,,
ONAN COURT,,,,,
KISMIS LODGE,,,,,
PASIR PANJANG COURT,,,,,
SIGNATURE CREST,,,,,
GOODWOOD GARDENS,,,,,
WORTHINGTON,,,,,
JERVOIS MEADOWS,,,,,
JANSEN 28,,,,,
BREEZY MANSIONS,,,,,
HUA COURT,,,,,
KOVAN PRIMERA,,,,,
EMPRADO SUITES,,,,,
RE CHARGE @ 303,,,,,
PINE COURT,,,,,
448@EAST COAST,,,,,
URBAN HERITAGE,TIEC Holdings Pte Ltd,Balestier Road,,,
BOON COURT,,,,,
ULTRA MANSION,,,,,
BOUGAINVILLA APARTMENTS,,,,,
MARGATE POINT,,,,,
HOOT KIAM MANSION,,,,,
KINGSTON TERRACE,,,,,
ASPEN LINQ,Optimus Hill Pte Ltd,Institution Hill,,,
BELLEZZA @ KATONG,,,,,
PARC REGENCY,,,,,
PALM RESIDENCE,,,,,
PRESTIGE RESIDENCE,,,,,
DLV.,,,,,
FIFTH AVENUE CONDOMINIUM,,,,,
SKY GREEN,Unique Realty Pte Ltd,Macpherson Road,,,
8 NAPIER,,,,,
HOLLANDIA,,,,,
SUNSET LODGE,,,,,
MERALODGE,,,,,
VILLA DES FLORES,,,,,
CHANCERY GARDEN,,,,,
SUN ROSIER,,,,,
YI MEI GARDENS,,,,,
MOUNT ROSIE GARDEN,,,,,
SUI GENERIS,,,,,
PARKWAY MANSION,,,,,
KINGSGROVE,,,,,
18 SHELFORD,,,Y,,
HERITAGE PLACE,,,Y,,
ORCHARD VIEW,,,Y,,
CEYLON RESIDENCE,,,Y,,
HONOLULU TOWER,,,Y,,
THE PROMONT,,,Y,,
MILLAGE,Mequity Assets Pte Ltd,Changi Road,Y,,
BALMORAL PLAZA,,,Y,,
FENARA COURT,,,Y,,
LAVERNE'S LOFT,,,Y,,
ENVIO,,,Y,,
MORIMASA GARDENS,,,,,
SERENE VIEW MANSIONS,,,,,
ASTRIDVILLE,,,,,
PINETREE CONDOMINIUM,,,,,
GISBORNE LIGHT,,,,,
ONAN SUITES,,,,,
CASA MEYA,,,,,
THE EASTSIDE,,,,,
PASADENA,,,,,
YI KAI COURT,,,,,
AROOZOO CENTRE,,,,,
HAMPTON COURT,,,,,
D' MARINE,,,,,
ADAM PLACE,,,,,
CHARISMA VIEW,,,,,
ST PATRICK'S COURT,,,,,
JI XIANG COURT,,,,,
THE MEYER PLACE,,,,,
RANGOON VIEW,,,,,
SYLVAN LODGE,,,,,
3@PHILLIPS,,,,,
SUNBIRD VIEW,,,,,
GREENDALE COURT,,,,,
LE SHANTIER,,,,,
SIMS POINT,,,,,
BLOSSOM MANSIONS,,,,,
TEMBELINA,,,,,
28 IMPERIAL RESIDENCES,,,,,
MARTIN EDGE,,,,,
EASTCOVE RESIDENCES,,,,,
E7 LODGE,,,,,
ONE DUSUN RESIDENCES,LVND Homes Pte Ltd,Jalan Dusun,,,
TELOK KURAU LODGE,,,,,
THE COTERIE @ HOLLAND,,,,,
EURO0ASIA LODGE,,,,,
WANG LODGE,,,,,
THE TAIPAN,,,,,
PETAIN RD/TYRWHITT RD CON AREA,,,,,
8 BASSEIN,,,,,
SOPHIA LODGE,,,,,
RADIX,,,,,
BOON SING BUILDING,,,,,
GAMBIR RIDGE,Meadows Investment Pte Ltd,Gambir Walk,,,
WILKIE REGENCY,,,,,
CRYSTAL DE AZURE,,,,,
WEDGEWOOD MANSIONS,,,,,
SUNFLOWER MANSIONS,,,,,
TROPICS @ HAIGSVILLE,,,,,
LIEN TOWERS,,,,,
LA VIDA @ 130,,,,,
SUMMER GREEN,,,,,
MAYA,,,,,
D' PALMA,,,,,
THE ODEON KATONG,,,,,
TAN TONG MENG TOWER,,,,,
RISING SUITES,,,,,
GUILLEMARD VIEW,,,,,
MARSHALL LODGE,,,,,
J C DRAYCOTT,,,,,
WARNER COURT,,,,,
THE MKZ,,,,,
CANBERLIN APARTMENTS,,,,,
PARK HOUSE,,,,,
RICH.RESIDENCE,,,,,
MADEIRA COURT,,,,,
KATONG APARTMENTS,,,,,
FRAGRANCE COURT,,,,,
CHATEAU ELIZA,,,,,
ONE NORTH BRIDGE,,,,,
ST MARTIN'S APARTMENT,,,,,
CLAYMORE PLAZA,,,,,
SAM LEONG MANSION,,,,,
LIANG SEAH COURT,,,,,
EAST VILLAGE,,,,,
GILLENIA,,,,,
THE HUNTINGTON,,,,,
MILL CREEK,,,,,
EASTPAC BUILDING,,,,,
BARTLEY COURT,,,,,
VERDUN HOUSE,,,,,
BENG TONG MANSION,,,,,
JERSEY LODGE,,,,,
SIXTH AVENUE CENTRE,,,,,
GALAXY TOWERS,,,,,
SUNFLOWER GRANDEUR,,,,,
CRYSTAL COURT,,,,,
SOPHIA MANSION,,,,,
SUNSHINE LOFT,,,,,
CAIRNHILL MANSIONS,,,,,
WOODSVILLE MANSIONS,,,,,
CENTRAL MEADOWS,,,,,
KOON SENG COURT,,,,,
KINGSLEY MANSIONS,,,,,
FARRER PARK SUITES,,,,,
TOP TEN,,,,,
BETA GROVE,,,,,
FAIRHAVEN,,,,,
PEPPERMINT GROVE,,,,,
KEMAMAN VIEW,,,,,
NAM PENG CENTRE,,,,,
LLOYD COURT,,,,,
MOONSTONE ROYALE,,,,,
PRESTO@UPPER SERANGOON,Oxley Global Pte Ltd,Upper Serangoon Road,,,
KUM HING COURT,,,,,
SERAYA VILLE,,,,,
THE VANDERLINT,,,,,
NOVENA VILLE,,,,,
WHITESCAPE,,,,,
CRANE COURT,,,,,
PETAIN COURT,,,,,
UNI BUILDING,,,,,
D'SAVILLE,,,,,
TREESCAPE,,,,,
ENG AUN MANSION,,,,,
EASTERN RESIDENCE,,,,,
THE SUNFLOWER,,,,,
JADE TOWER,,,,,
CHIKU MANSIONS,,,,,
BALESTIER 288,,,,,
THE DOMAIN,,,,,
ROSYTH RESIDENCE,,,,,
CASA FELIZ,,,,,
KOVAN COURT,,,,,
BLOSSOM VIEW,,,,,
NASSIM 9,,,,,
BARTLEY GROVE,,,,,
TELOK MANSION,,,,,
RANGOON COURT,,,,,
VICENTA LODGE,,,,,
HAIG LODGE,,,,,
UPPER SERANGOON SHOPPING CENTRE,,,,,
TIVOLI LODGE,,,,,
PADDY GREEN,,,,,
283 STUDIO,,,,,
YONG SIAK COURT,,,,,
PEARLS CENTRE,,,,,
APARTMENT 8,,,,,
YING MANSIONS,,,,,
GRAY MANSIONS,,,,,
MADISON RESIDENCES,,,Y,,
THE ORANGE GROVE,,,Y,,
NASSIM JADE,,,Y,,
BEAUFORT ON NASSIM,,,Y,,
LOYANG TOWNHOUSES,,,,,
WESTVALE,,,,,
LOYANG GARDENS,,,,,
MARINA COLLECTION,,,Y,,
10 SHELFORD,,,Y,,
THE AMERALD STUDIO,,,Y,,
LEIGHWOODS,,,,,
THE EDGEWATER,,,,,
SARHAD VILLE,,,,,
PEAK COURT CONDOMINIUM,,,,,
GREEN LODGE,,,,,
POH HENG COURT,,,,,
THE COURTYARD,,,,,
DRAGON MANSION,,,,,
PARRY COURT,,,,,
KATONG PLAZA,,,,,
BRADDELL REGALIA,,,,,
GOODWILL COURT,,,,,
LE MARICAN,,,,,
MANSIONS 28,,,,,
JOO CHIAT APARTMENT,,,,,
MOUNTBATTEN REGENCY,,,,,
PARKWAY VIEW,,,,,
AA CENTRE,,,,,
ROVGALE MANSIONS,,,,,
BOON TECK VIEW,,,,,
THE TWINS,,,,,
TOHO GREEN,,,,,
OCEAN APARTMENTS,,,,,
OCTAVILLE,,,,,
RIVER VALLEY COURT,,,,,
SERAN COURT,,,,,
YINCHUAN BUILDING,,,,,
EAST 25 APARTMENTS,,,,,
REGENT COURT,,,,,
AFFLUENCE COURT,,,,,
CEYLON POINT,,,,,
TG MANSION,,,,,
BRIGHTVIEW APARTMENTS,,,,,
DAISY APARTMENTS,,,,,
GRAND TOWER,,,,,
RIVA LODGE,,,,,
ETON COURT,,,Y,,
BRADDELL PARK,,,Y,,
CAIRNHILL HEIGHTS,,,Y,,
FIFTY0TWO STEVENS,,,,,
GIFFARD MANSIONS,,,,,
MARTIA 8,,,,,
ADVANCE APARTMENTS,,,,,
CHARLTON COURT,,,,,
PERMAI COURT,,,,,
HONG LEONG GARDEN SHOPPING CENTRE,,,,,
PERPETUAL APARTMENTS,,,,,
THE THOMSON DUPLEX,,,,,
HOCK MANSION,,,,,
SERAYA COURT,,,,,
TAIPAN REGENCY,,,,,
DUCHESS ROYALE,,,,,
SCK VILLE,,,,,
AUSTRAL VIEW,,,,,
EAST TREASURE,,,,,
OWEN COURT,,,,,
CHONG KIM APARTMENT,,,,,
INOVA 100,,,,,
PELIKAT MANSIONS,,,,,
FORTREDALE,,,,,
ASTON LODGE,,,,,
DUNEARN COURT,,,,,
THE WILSHIRE,,,,,
EN FU MANSIONS,,,,,
ROBIN STAR,,,,,
LE ARC,,,,,
THE STRADIA,,,,,
THE CHAMPAGNE,,,,,
COSY 23,,,,,
KILAT 19,,,,,
RIVAN COURT,,,,,
BOWMONT CENTRE,,,,,
THOMSON VALE,,,,,
KENG YEE GARDEN,,,,,
TELOK KURAU MANSION,,,,,
HOLLYWOOD APARTMENTS,,,,,
TWO8ONE STUDIO,,,,,
NEWTON VIEW,,,,,
CAMAY COURT,,,,,
GILSTEAD MANSION,,,,,
WATERLOO VIEW,,,,,
EAST SHORE COURT,,,,,
WILKIE 48,,,,,
LEONG BEE COURT,,,,,
MACKENZIE MANSIONS,,,,,
LENGKONG COURT,,,,,
AMBER TOWERS,,,,,
ST THOMAS LODGE,,,,,
VILLA D'ESTE,,,,,
BALMORAL CONDOMINIUM,,,,,
ASIA GARDENS,,,,,
CAI GARDEN,,,,,
HIGHLAND CONDOMINIUM,,,,,
RICH MANSION,,,Y,,
ST PATRICK'S GARDEN,,,Y,,
MARINE POINT,,,,,
AMBERGLADES,,,,,
MACPHERSON GREEN,,,,,
BARTLEY TERRACE,,,,,
JASMINE COURT,,,,,
THE VILLAGE,,,,,
THE RIVERVALE,,,Y,,
TWIN FOUNTAINS,,,Y,,
THE CANOPY,,,Y,,
1 CANBERRA,,,Y,,
NUOVO,,,Y,,
TWIN WATERFALLS,,,Y,,
BLOSSOM RESIDENCES,,,Y,,
PINEVALE,,,Y,,
ARC AT TAMPINES,,,Y,,
THE TOPIARY,,,Y,,
BELYSA,,,Y,,
WESTWOOD RESIDENCES,KBD Westwood Pte Ltd,Westwood Avenue,Y,,
FORESTVILLE,Hao Yuan Investment Pte Ltd,Woodlands Drive 16,Y,,
WATERWOODS,Coral Edge Development Pte Ltd,Punggol Field Walk,Y,,
PRIVE,,,Y,,
THE QUINTET,,,Y,,
THE RAINFOREST,,,Y,,
WATERCOLOURS,,,Y,,
ESPARINA RESIDENCES,,,Y,,
THE DEW,,,Y,,
AUSTVILLE RESIDENCES,,,Y,,
SIMEI GREEN CONDOMINIUM,,,Y,,
HERON BAY,,,Y,,
RIVERPARC RESIDENCE,,,Y,,
NORTHOAKS,,,Y,,
WHITEWATER,,,Y,,
WOODSVALE,,,Y,,
THE EDEN AT TAMPINES,,,Y,,
PARK GREEN,,,Y,,
WATERBAY,,,Y,,
LUSH ACRES,,,Y,,
THE TAMPINES TRILLIANT,,,Y,,
CITYLIFE@TAMPINES,,,Y,,
BISHAN LOFT,,,Y,,
LA CASA,,,Y,,
BELLEWOODS,Qingjian Realty (Woodlands) Pte Ltd,Woodlands Avenue 5,Y,,
WHITLEY HEIGHTS,,,,,
ST MARTIN'S RESIDENCES,,,,,
SHELFORD GREEN,,,,,
ECOPOLITAN,Qingjian Realty (Punggol Way) Pte Ltd,Punggol Walk,,,
SEA HORIZON,Hao Yuan Development Pte Ltd,Pasir Ris Rise,,,
THE ESPARIS,,,,,
EASTVALE,,,,,
YEW MEI GREEN,,,,,
CHESTERVALE,,,,,
SUMMERDALE,,,,,
THE FLORAVALE,,,,,
LILYDALE,,,,,
WINDERMERE,,,,,
THE FLORIDA,,,,,
SKYPARK RESIDENCES,Oasis Development Pte Ltd,Sembawang Crescent,,,
WESTMERE,,,,,
WANDERVALE,Sim Lian (Starlight) Pte Ltd,Choa Chu Kang Avenue 3,,,
THE BROWNSTONE,Canvey Developments Pte Ltd,Canberra Drive,,,
THE VALES,Anchorvale Residences Pte Ltd,Anchorvale Crescent,,,
THE TERRACE,Peak Square Pte Ltd,Edgedale Plains,,,
BELLEWATERS,Qingjian Realty (Anchorvale) Pte Ltd,Anchorvale Crescent,,,
SOL ACRES,MCL Land (Brighton) Pte Ltd,Choa Chu Kang Grove,,,
THE AMORE,MKH (Punggol) Pte Ltd,Edgedale Plains,,,
SIGNATURE AT YISHUN,Gee-I Investments Pte Ltd,Yishun Street 51,,,
THE CRITERION,Island Glades Developments Pte Ltd,Yishun Street 51,,,
LAKE LIFE,,,,,
THE VISIONAIRE,Qingjian Realty (Sembawang) Pte Ltd,Canberra Drive,,,
PARC LIFE,Sembawang Residences Pte Ltd,Sembawang Crescent,,,
TREASURE CREST,,,,,
NORTHWAVE,,,,,
